le,operation,statusCode,min,max,avg,sum,last,integral
0.1,AddBlockPermissions,OK,0,0,0,0,0,0
0.1,ApplyBlockPermissions,CANCELLED,0,0,0,0,0,0
0.1,ApplyBlockPermissions,OK,0,0,0,0,0,0
0.1,BlockClouds,OK,0,0,0,0,0,0
0.1,CreateCloud,OK,0,0,0,0,0,0
0.1,CreateDefaultCloud,FAILED_PRECONDITION,0,0,0,0,0,0
0.1,CreateDefaultCloud,INTERNAL,0,0,0,0,0,0
0.1,CreateDefaultCloud,OK,0,0,0,0,0,0
0.1,CreateFolder,OK,0,0,0,0,0,0
0.1,DeleteCloud,CANCELLED,0,389.6776543164743,195.64798827177583,97432.69815934436,389.6776543164743,522921291.02120185
0.1,DeleteCloud,OK,0,0,0,0,0,0
0.1,DeleteFolder,CANCELLED,0,243.25819618501183,105.59809656067664,52587.85208721697,243.25819618501183,282239002.1520936
0.1,DeleteFolder,FAILED_PRECONDITION,0,0,0,0,0,0
0.1,DeleteFolder,OK,0,62.301212490686176,27.811309403350982,13850.032082868789,62.301212490686176,74333122.18875676
0.1,MoveCloud,FAILED_PRECONDITION,0,0,0,0,0,0
0.1,MoveCloud,OK,0,0,0,0,0,0
0.1,RemoveBlockPermissions,OK,0,0,0,0,0,0
0.1,SetCloudAccessBindings,FAILED_PRECONDITION,0,0,0,0,0,0
0.1,SetCloudAccessBindings,OK,0,0,0,0,0,0
0.1,SetCloudPermissionStages,OK,0,20,13.873381816448305,6895.070762774807,20,37005844.78381239
0.1,SetFolderAccessBindings,FAILED_PRECONDITION,0,0,0,0,0,0
0.1,SetFolderAccessBindings,OK,0,0,0,0,0,0
0.1,UnblockClouds,OK,0,0,0,0,0,0
0.1,UpdateCloud,OK,0,346.77255952030464,166.2568771371082,82795.92481427989,346.77255952030464,444365728.4782401
0.1,UpdateCloudAccessBindings,FAILED_PRECONDITION,0,27.677777777777777,9.41799841128858,4690.163208821713,27.677777777777777,25172105.94174604
0.1,UpdateCloudAccessBindings,OK,0,0,0,0,0,0
0.1,UpdateCloudPermissionStages,OK,0,503.9163675383692,202.05683987265846,100624.3062565839,503.9163675383692,540050651.6790863
0.1,UpdateFolder,OK,0,22709.48261184519,10795.309450632967,5376064.106415218,22709.48261184519,28853336059.13048
0.1,UpdateFolderAccessBindings,FAILED_PRECONDITION,0,62,14.897910121398187,7419.159240456297,62,39818627.643528946
0.1,UpdateFolderAccessBindings,OK,0,0,0,0,0,0
0.1,UpdateFolderAccessBindings,RESOURCE_EXHAUSTED,0,0,0,0,0,0
0.1,UpdateQuotaLimit,OK,0,8.00301204819277,4.737557615431466,2359.3036924848698,8.00301204819277,12662382.917566251
0.147,AddBlockPermissions,OK,0,0,0,0,0,0
0.147,ApplyBlockPermissions,CANCELLED,0,0,0,0,0,0
0.147,ApplyBlockPermissions,OK,0,0,0,0,0,0
0.147,BlockClouds,OK,0,0,0,0,0,0
0.147,CreateCloud,OK,0,0,0,0,0,0
0.147,CreateDefaultCloud,FAILED_PRECONDITION,0,0,0,0,0,0
0.147,CreateDefaultCloud,INTERNAL,0,0,0,0,0,0
0.147,CreateDefaultCloud,OK,0,0,0,0,0,0
0.147,CreateFolder,OK,0,0,0,0,0,0
0.147,DeleteCloud,CANCELLED,0,0,0,0,0,0
0.147,DeleteCloud,OK,0,0,0,0,0,0
0.147,DeleteFolder,CANCELLED,0,0,0,0,0,0
0.147,DeleteFolder,FAILED_PRECONDITION,0,0,0,0,0,0
0.147,DeleteFolder,OK,0,1.0000000000000002,0.44592815707273536,222.07222222222222,1.0000000000000002,1191861.6166666667
0.147,MoveCloud,FAILED_PRECONDITION,0,0,0,0,0,0
0.147,MoveCloud,OK,0,0,0,0,0,0
0.147,RemoveBlockPermissions,OK,0,0,0,0,0,0
0.147,SetCloudAccessBindings,FAILED_PRECONDITION,0,0,0,0,0,0
0.147,SetCloudAccessBindings,OK,0,0,0,0,0,0
0.147,SetCloudPermissionStages,OK,0,0,0,0,0,0
0.147,SetFolderAccessBindings,FAILED_PRECONDITION,0,1,0.25701845844918136,127.9951923076923,1,686950.1971153846
0.147,SetFolderAccessBindings,OK,0,0,0,0,0,0
0.147,UnblockClouds,OK,0,9,1.415434411333057,704.8863368438624,9,3783124.969841009
0.147,UpdateCloud,OK,0,0,0,0,0,0
0.147,UpdateCloudAccessBindings,FAILED_PRECONDITION,0,8688.211539612501,3737.1213519035446,1861086.4332479653,8688.211539612501,9988450887.24184
0.147,UpdateCloudAccessBindings,OK,0,0,0,0,0,0
0.147,UpdateCloudPermissionStages,OK,0,0,0,0,0,0
0.147,UpdateFolder,OK,0,0,0,0,0,0
0.147,UpdateFolderAccessBindings,FAILED_PRECONDITION,0,8604.031548431954,3629.4820626414894,1807482.0671954618,8604.031548431954,9700756254.638048
0.147,UpdateFolderAccessBindings,OK,0,0,0,0,0,0
0.147,UpdateFolderAccessBindings,RESOURCE_EXHAUSTED,0,0,0,0,0,0
0.147,UpdateQuotaLimit,OK,0,0,0,0,0,0
0.215,AddBlockPermissions,OK,0,0,0,0,0,0
0.215,ApplyBlockPermissions,CANCELLED,0,0,0,0,0,0
0.215,ApplyBlockPermissions,OK,0,0,0,0,0,0
0.215,BlockClouds,OK,0,2,1.3357469092054493,665.2019607843138,2,3570138.9235294117
0.215,CreateCloud,OK,0,0,0,0,0,0
0.215,CreateDefaultCloud,FAILED_PRECONDITION,0,0,0,0,0,0
0.215,CreateDefaultCloud,INTERNAL,0,146,50.89023273979445,25343.335904417636,146,136017683.79900944
0.215,CreateDefaultCloud,OK,0,0,0,0,0,0
0.215,CreateFolder,OK,0,0,0,0,0,0
0.215,DeleteCloud,CANCELLED,0,0,0,0,0,0
0.215,DeleteCloud,OK,0,0,0,0,0,0
0.215,DeleteFolder,CANCELLED,0,0,0,0,0,0
0.215,DeleteFolder,FAILED_PRECONDITION,0,0,0,0,0,0
0.215,DeleteFolder,OK,0,1,0.881314145470772,438.89444444444445,1,2355546.4833333334
0.215,MoveCloud,FAILED_PRECONDITION,0,0,0,0,0,0
0.215,MoveCloud,OK,0,0,0,0,0,0
0.215,RemoveBlockPermissions,OK,0,0,0,0,0,0
0.215,SetCloudAccessBindings,FAILED_PRECONDITION,0,0,0,0,0,0
0.215,SetCloudAccessBindings,OK,0,0,0,0,0,0
0.215,SetCloudPermissionStages,OK,0,0,0,0,0,0
0.215,SetFolderAccessBindings,FAILED_PRECONDITION,0,6.272101449275362,2.349559020395312,1170.0803921568654,6.272101449275362,6279821.464705891
0.215,SetFolderAccessBindings,OK,0,0,0,0,0,0
0.215,UnblockClouds,OK,0,231.47491419286527,91.11598410343743,45375.760083511836,231.47491419286527,243531704.36820838
0.215,UpdateCloud,OK,0,0,0,0,0,0
0.215,UpdateCloudAccessBindings,FAILED_PRECONDITION,0,31729.224050968533,15806.31723034908,7871545.9807138415,31729.224050968533,42246587278.491234
0.215,UpdateCloudAccessBindings,OK,0,0,0,0,0,0
0.215,UpdateCloudPermissionStages,OK,0,0,0,0,0,0
0.215,UpdateFolder,OK,0,0,0,0,0,0
0.215,UpdateFolderAccessBindings,FAILED_PRECONDITION,0,35395.15679759759,17525.083982808646,8727491.823438706,35395.15679759759,46840448616.39558
0.215,UpdateFolderAccessBindings,OK,0,0,0,0,0,0
0.215,UpdateFolderAccessBindings,RESOURCE_EXHAUSTED,0,0,0,0,0,0
0.215,UpdateQuotaLimit,OK,0,0,0,0,0,0
0.316,AddBlockPermissions,OK,0,0,0,0,0,0
0.316,ApplyBlockPermissions,CANCELLED,0,0,0,0,0,0
0.316,ApplyBlockPermissions,OK,0,0,0,0,0,0
0.316,BlockClouds,OK,0,93.49166666666666,87.22485071002983,43437.975653594855,93.49166666666666,233131615.3328443
0.316,CreateCloud,OK,0,0,0,0,0,0
0.316,CreateDefaultCloud,FAILED_PRECONDITION,0,0,0,0,0,0
0.316,CreateDefaultCloud,INTERNAL,0,6445.065545938554,3132.266754244598,1559868.8436138097,6445.065545938554,8371816083.675414
0.316,CreateDefaultCloud,OK,0,0,0,0,0,0
0.316,CreateFolder,OK,0,0,0,0,0,0
0.316,DeleteCloud,CANCELLED,0,0,0,0,0,0
0.316,DeleteCloud,OK,0,0,0,0,0,0
0.316,DeleteFolder,CANCELLED,0,0,0,0,0,0
0.316,DeleteFolder,FAILED_PRECONDITION,0,0,0,0,0,0
0.316,DeleteFolder,OK,0,2,0.7462739848282017,371.64444444444445,2,1994615.7333333334
0.316,MoveCloud,FAILED_PRECONDITION,0,0,0,0,0,0
0.316,MoveCloud,OK,0,0,0,0,0,0
0.316,RemoveBlockPermissions,OK,0,62.4923339540658,17.618422102150234,8773.974206870816,62.4923339540658,47089919.5682756
0.316,SetCloudAccessBindings,FAILED_PRECONDITION,0,0,0,0,0,0
0.316,SetCloudAccessBindings,OK,0,0,0,0,0,0
0.316,SetCloudPermissionStages,OK,0,0,0,0,0,0
0.316,SetFolderAccessBindings,FAILED_PRECONDITION,0,16.005128205128205,4.658660156310822,2320.0127578427896,16.005128205128205,12451508.471342286
0.316,SetFolderAccessBindings,OK,0,0,0,0,0,0
0.316,UnblockClouds,OK,0,602.3176477675653,272.18638174112766,135548.81810708158,602.3176477675653,727490506.7807051
0.316,UpdateCloud,OK,0,0,0,0,0,0
0.316,UpdateCloudAccessBindings,FAILED_PRECONDITION,0,27195.058551065937,14237.228632212482,7090139.858841816,27195.058551065937,38052780622.40401
0.316,UpdateCloudAccessBindings,OK,0,0,0,0,0,0
0.316,UpdateCloudPermissionStages,OK,0,0,0,0,0,0
0.316,UpdateFolder,OK,0,0,0,0,0,0
0.316,UpdateFolderAccessBindings,FAILED_PRECONDITION,0,55625.62301323681,28429.434513450768,14157858.387698483,55625.62301323681,75985225966.77774
0.316,UpdateFolderAccessBindings,OK,0,0,0,0,0,0
0.316,UpdateFolderAccessBindings,RESOURCE_EXHAUSTED,0,0,0,0,0,0
0.316,UpdateQuotaLimit,OK,0,0,0,0,0,0
0.464,AddBlockPermissions,OK,0,105.12184221919682,41.23094438717041,20533.010304810865,105.12184221919682,110200666.30591983
0.464,ApplyBlockPermissions,CANCELLED,0,0,0,0,0,0
0.464,ApplyBlockPermissions,OK,0,0,0,0,0,0
0.464,BlockClouds,OK,0,109,101.33129935303342,50462.98707781064,109,270834851.64660966
0.464,CreateCloud,OK,0,0,0,0,0,0
0.464,CreateDefaultCloud,FAILED_PRECONDITION,0,0,0,0,0,0
0.464,CreateDefaultCloud,INTERNAL,0,18279.110711335703,9617.778302849852,4789653.594819226,18279.110711335703,25706070843.394638
0.464,CreateDefaultCloud,OK,0,0,0,0,0,0
0.464,CreateFolder,OK,0,0,0,0,0,0
0.464,DeleteCloud,CANCELLED,0,0,0,0,0,0
0.464,DeleteCloud,OK,0,0,0,0,0,0
0.464,DeleteFolder,CANCELLED,0,0,0,0,0,0
0.464,DeleteFolder,FAILED_PRECONDITION,0,0,0,0,0,0
0.464,DeleteFolder,OK,0,0,0,0,0,0
0.464,MoveCloud,FAILED_PRECONDITION,0,0,0,0,0,0
0.464,MoveCloud,OK,0,0,0,0,0,0
0.464,RemoveBlockPermissions,OK,0,1651.7702532748788,715.0248624340663,356082.38149216503,1651.7702532748788,1911094141.4684482
0.464,SetCloudAccessBindings,FAILED_PRECONDITION,0,0,0,0,0,0
0.464,SetCloudAccessBindings,OK,0,0,0,0,0,0
0.464,SetCloudPermissionStages,OK,0,0,0,0,0,0
0.464,SetFolderAccessBindings,FAILED_PRECONDITION,0,3,2.13987948321062,1065.6599826388888,3,5719397.126822917
0.464,SetFolderAccessBindings,OK,0,0,0,0,0,0
0.464,UnblockClouds,OK,0,1151.9915316154147,551.2447881470872,274519.9044972494,1151.9915316154147,1473348327.4367406
0.464,UpdateCloud,OK,0,0,0,0,0,0
0.464,UpdateCloudAccessBindings,FAILED_PRECONDITION,0,10651.947294093558,5358.574677267488,2668570.1892792094,10651.947294093558,14322216205.861515
0.464,UpdateCloudAccessBindings,OK,0,0,0,0,0,0
0.464,UpdateCloudPermissionStages,OK,0,0,0,0,0,0
0.464,UpdateFolder,OK,0,0,0,0,0,0
0.464,UpdateFolderAccessBindings,FAILED_PRECONDITION,0,54630.96623526122,27667.022524193784,13778177.217048505,54630.96623526122,73947477123.89934
0.464,UpdateFolderAccessBindings,OK,0,0,0,0,0,0
0.464,UpdateFolderAccessBindings,RESOURCE_EXHAUSTED,0,0,0,0,0,0
0.464,UpdateQuotaLimit,OK,0,0,0,0,0,0
0.681,AddBlockPermissions,OK,0,1143.4447635885433,567.9650163477786,282846.5781411937,1143.4447635885433,1518037584.8837845
0.681,ApplyBlockPermissions,CANCELLED,0,0,0,0,0,0
0.681,ApplyBlockPermissions,OK,0,0,0,0,0,0
0.681,BlockClouds,OK,0,69,64.62538159172638,32183.440032679737,69,172728522.65539217
0.681,CreateCloud,OK,0,0,0,0,0,0
0.681,CreateDefaultCloud,FAILED_PRECONDITION,0,0,0,0,0,0
0.681,CreateDefaultCloud,INTERNAL,0,26237.188666982685,14421.633066880837,7181973.267306657,26237.188666982685,38545650525.63494
0.681,CreateDefaultCloud,OK,0,0,0,0,0,0
0.681,CreateFolder,OK,0,0,0,0,0,0
0.681,DeleteCloud,CANCELLED,0,0,0,0,0,0
0.681,DeleteCloud,OK,0,0,0,0,0,0
0.681,DeleteFolder,CANCELLED,0,0,0,0,0,0
0.681,DeleteFolder,FAILED_PRECONDITION,0,0,0,0,0,0
0.681,DeleteFolder,OK,0,0,0,0,0,0
0.681,MoveCloud,FAILED_PRECONDITION,0,1,0.4792670682730924,238.675,1,1280968.725
0.681,MoveCloud,OK,0,0,0,0,0,0
0.681,RemoveBlockPermissions,OK,0,7484.280867773554,3702.8489919110566,1844018.7979717061,7484.280867773554,9896848888.714148
0.681,SetCloudAccessBindings,FAILED_PRECONDITION,0,1,0.7464585492754506,370.98989898989896,1,1991102.7878787878
0.681,SetCloudAccessBindings,OK,0,0,0,0,0,0
0.681,SetCloudPermissionStages,OK,0,0,0,0,0,0
0.681,SetFolderAccessBindings,FAILED_PRECONDITION,0,1,0.25902210239559637,128.993006993007,1,692305.4685314685
0.681,SetFolderAccessBindings,OK,0,0,0,0,0,0
0.681,UnblockClouds,OK,0,499.9893326287182,238.7842159910277,118914.5395635318,499.9893326287182,638214333.8374752
0.681,UpdateCloud,OK,0,0,0,0,0,0
0.681,UpdateCloudAccessBindings,FAILED_PRECONDITION,0,3745.770997527848,1746.6445013901794,869828.9616923094,3745.770997527848,4668372037.402624
0.681,UpdateCloudAccessBindings,OK,0,0,0,0,0,0
0.681,UpdateCloudPermissionStages,OK,0,0,0,0,0,0
0.681,UpdateFolder,OK,0,0,0,0,0,0
0.681,UpdateFolderAccessBindings,FAILED_PRECONDITION,0,23152.402524188485,11032.360191768226,5494115.375500577,23152.402524188485,29486917220.311584
0.681,UpdateFolderAccessBindings,OK,0,0,0,0,0,0
0.681,UpdateFolderAccessBindings,RESOURCE_EXHAUSTED,0,12,11.839326070803908,5884.145057189542,12,31580206.521936275
0.681,UpdateQuotaLimit,OK,0,0,0,0,0,0
1.0,AddBlockPermissions,OK,0,3394.6950791301815,1769.4776251975982,881199.8573484039,3394.6950791301815,4729399634.38888
1.0,ApplyBlockPermissions,CANCELLED,0,0,0,0,0,0
1.0,ApplyBlockPermissions,OK,0,0,0,0,0,0
1.0,BlockClouds,OK,0,37,34.95204937396645,17406.120588235295,37,93418649.19705883
1.0,CreateCloud,OK,0,0,0,0,0,0
1.0,CreateDefaultCloud,FAILED_PRECONDITION,0,0,0,0,0,0
1.0,CreateDefaultCloud,INTERNAL,0,4433.2870726565325,2104.3114468214867,1047947.1005171004,4433.2870726565325,5624332088.475303
1.0,CreateDefaultCloud,OK,0,0,0,0,0,0
1.0,CreateFolder,OK,0,206.51365941782095,89.73400689124817,44687.53543184159,206.51365941782095,239838002.662694
1.0,DeleteCloud,CANCELLED,0,0,0,0,0,0
1.0,DeleteCloud,OK,0,0,0,0,0,0
1.0,DeleteFolder,CANCELLED,0,0,0,0,0,0
1.0,DeleteFolder,FAILED_PRECONDITION,0,0,0,0,0,0
1.0,DeleteFolder,OK,0,0,0,0,0,0
1.0,MoveCloud,FAILED_PRECONDITION,0,15,7.526701249442214,3748.2972222222224,15,20117111.191666666
1.0,MoveCloud,OK,0,0,0,0,0,0
1.0,RemoveBlockPermissions,OK,0,9726.050501308453,4902.870950866362,2441629.7335314485,9726.050501308453,13104226779.863266
1.0,SetCloudAccessBindings,FAILED_PRECONDITION,0,1,0.7433897502663037,369.464705882353,1,1982917.0764705883
1.0,SetCloudAccessBindings,OK,0,0,0,0,0,0
1.0,SetCloudPermissionStages,OK,0,0,0,0,0,0
1.0,SetFolderAccessBindings,FAILED_PRECONDITION,0,0,0,0,0,0
1.0,SetFolderAccessBindings,OK,0,0,0,0,0,0
1.0,UnblockClouds,OK,0,109.54161754907487,46.10880338405779,22962.184085260782,109.54161754907487,123238041.98559406
1.0,UpdateCloud,OK,0,0,0,0,0,0
1.0,UpdateCloudAccessBindings,FAILED_PRECONDITION,0,674.4483731749555,260.97257731515947,129964.34350294941,674.4483731749555,697518631.5803267
1.0,UpdateCloudAccessBindings,OK,0,0,0,0,0,0
1.0,UpdateCloudPermissionStages,OK,0,0,0,0,0,0
1.0,UpdateFolder,OK,0,0,0,0,0,0
1.0,UpdateFolderAccessBindings,FAILED_PRECONDITION,0,4467.159792738897,1768.7544479866729,880839.7150973631,4467.159792738897,4727466750.927544
1.0,UpdateFolderAccessBindings,OK,0,0,0,0,0,0
1.0,UpdateFolderAccessBindings,RESOURCE_EXHAUSTED,0,8,7.887852934601071,3920.262908496732,8,21040051.02990196
1.0,UpdateQuotaLimit,OK,0,0,0,0,0,0
1.468,AddBlockPermissions,OK,0,1646.2261637866318,815.803550292236,406270.16804553353,1646.2261637866318,2180451991.9003754
1.468,ApplyBlockPermissions,CANCELLED,0,0,0,0,0,0
1.468,ApplyBlockPermissions,OK,0,0,0,0,0,0
1.468,BlockClouds,OK,0,1238.8013042276218,610.358033577729,303958.30072170903,1238.8013042276218,1631344199.9734087
1.468,CreateCloud,OK,0,0,0,0,0,0
1.468,CreateDefaultCloud,FAILED_PRECONDITION,0,0,0,0,0,0
1.468,CreateDefaultCloud,INTERNAL,0,522.172463768116,200.7576685612105,99977.31894348282,522.172463768116,536578270.76967156
1.468,CreateDefaultCloud,OK,0,0,0,0,0,0
1.468,CreateFolder,OK,0,294831.66980429646,148557.61651566174,73981693.02479954,294831.66980429646,397059746464.09863
1.468,DeleteCloud,CANCELLED,0,0,0,0,0,0
1.468,DeleteCloud,OK,0,0,0,0,0,0
1.468,DeleteFolder,CANCELLED,0,0,0,0,0,0
1.468,DeleteFolder,FAILED_PRECONDITION,0,0,0,0,0,0
1.468,DeleteFolder,OK,0,0,0,0,0,0
1.468,MoveCloud,FAILED_PRECONDITION,0,44.1157968284829,23.571643287311247,11738.678357081,44.1157968284829,63001486.74245406
1.468,MoveCloud,OK,0,0,0,0,0,0
1.468,RemoveBlockPermissions,OK,0,1305.771429418384,563.5053632807977,280625.67091383727,1305.771429418384,1506117975.7945626
1.468,SetCloudAccessBindings,FAILED_PRECONDITION,0,0,0,0,0,0
1.468,SetCloudAccessBindings,OK,0,8,4.6513341882937915,2316.364425770308,8,12431927.873109244
1.468,SetCloudPermissionStages,OK,0,0,0,0,0,0
1.468,SetFolderAccessBindings,FAILED_PRECONDITION,0,1,0.23292057117358322,115.99444444444444,1,622542.1833333333
1.468,SetFolderAccessBindings,OK,0,351.9880493367925,154.92144279303028,77150.87851092908,351.9880493367925,414068764.96815604
1.468,UnblockClouds,OK,0,4107.920050961978,1892.3710266445491,942400.7712689855,4107.920050961978,5057864939.400647
1.468,UpdateCloud,OK,0,0,0,0,0,0
1.468,UpdateCloudAccessBindings,FAILED_PRECONDITION,0,117.4114894223833,29.671251683804847,14776.283338534813,117.4114894223833,79304312.67791635
1.468,UpdateCloudAccessBindings,OK,0,1225.020205776283,500.05207367424396,249025.9326897735,1225.020205776283,1336522180.7460148
1.468,UpdateCloudPermissionStages,OK,0,0,0,0,0,0
1.468,UpdateFolder,OK,0,0,0,0,0,0
1.468,UpdateFolderAccessBindings,FAILED_PRECONDITION,0,523.7225986831393,154.66687686707155,77024.10467980163,523.7225986831393,413388369.8164958
1.468,UpdateFolderAccessBindings,OK,0,78011.08679044504,35381.30155536335,17619888.174570948,78011.08679044504,94565939832.92213
1.468,UpdateFolderAccessBindings,RESOURCE_EXHAUSTED,0,0,0,0,0,0
1.468,UpdateQuotaLimit,OK,0,0,0,0,0,0
2.154,AddBlockPermissions,OK,0,455.0261586350289,220.29753494410406,109708.17240216382,455.0261586350289,588803761.282415
2.154,ApplyBlockPermissions,CANCELLED,0,0,0,0,0,0
2.154,ApplyBlockPermissions,OK,0,0,0,0,0,0
2.154,BlockClouds,OK,0,4791.657715567658,2488.6213035910328,1239333.4091883344,4791.657715567658,6651502407.113796
2.154,CreateCloud,OK,0,7.269444444444444,1.7678561542912445,880.3923648370397,7.269444444444444,4725065.822080413
2.154,CreateDefaultCloud,FAILED_PRECONDITION,0,0,0,0,0,0
2.154,CreateDefaultCloud,INTERNAL,0,89,31.70858605229709,15790.87585404395,89,84749630.7086539
2.154,CreateDefaultCloud,OK,0,0,0,0,0,0
2.154,CreateFolder,OK,0,3105.1596664943154,1166.4875153833955,580910.782660931,3105.1596664943154,3117748170.541219
2.154,DeleteCloud,CANCELLED,0,0,0,0,0,0
2.154,DeleteCloud,OK,0,0,0,0,0,0
2.154,DeleteFolder,CANCELLED,0,0,0,0,0,0
2.154,DeleteFolder,FAILED_PRECONDITION,0,0,0,0,0,0
2.154,DeleteFolder,OK,0,0,0,0,0,0
2.154,MoveCloud,FAILED_PRECONDITION,0,7.006134969325153,3.399936116955816,1693.1681862439964,7.006134969325153,9087233.655571539
2.154,MoveCloud,OK,0,7.977272727272727,5.285236907224831,2632.0479797979656,7.977272727272727,14126201.507575834
2.154,RemoveBlockPermissions,OK,0,171.99352164431036,67.9766866735485,33852.38996342715,171.99352164431036,181685776.9337139
2.154,SetCloudAccessBindings,FAILED_PRECONDITION,0,0,0,0,0,0
2.154,SetCloudAccessBindings,OK,0,109.7523798010826,45.46644741011115,22642.290810235354,109.7523798010826,121521174.7785335
2.154,SetCloudPermissionStages,OK,0,0,0,0,0,0
2.154,SetFolderAccessBindings,FAILED_PRECONDITION,0,0,0,0,0,0
2.154,SetFolderAccessBindings,OK,0,4151.542378134732,1927.8718247200372,960080.1687105786,4151.542378134732,5152750265.469681
2.154,UnblockClouds,OK,0,13290.746357807677,6680.876735617796,3327076.6143376622,13290.746357807677,17856420189.15025
2.154,UpdateCloud,OK,0,0,0,0,0,0
2.154,UpdateCloudAccessBindings,FAILED_PRECONDITION,0,19.74022346368715,4.017747808064499,2000.8384084161203,19.74022346368715,10738499.737969305
2.154,UpdateCloudAccessBindings,OK,0,20271.43073362149,9294.8149416835,4628817.840958383,20271.43073362149,24842865352.423645
2.154,UpdateCloudPermissionStages,OK,0,0,0,0,0,0
2.154,UpdateFolder,OK,0,0,0,0,0,0
2.154,UpdateFolderAccessBindings,FAILED_PRECONDITION,0,48.111111111111114,11.541089145454583,5747.462394436382,48.111111111111114,30846630.670939878
2.154,UpdateFolderAccessBindings,OK,0,678421.4709582145,346614.97847283806,172614259.27947336,678421.4709582145,926420729552.9342
2.154,UpdateFolderAccessBindings,RESOURCE_EXHAUSTED,0,0,0,0,0,0
2.154,UpdateQuotaLimit,OK,0,0,0,0,0,0
3.162,AddBlockPermissions,OK,0,246.24166666666667,132.4800020342814,65975.04101307214,246.24166666666667,354088045.11715573
3.162,ApplyBlockPermissions,CANCELLED,0,0,0,0,0,0
3.162,ApplyBlockPermissions,OK,0,0,0,0,0,0
3.162,BlockClouds,OK,0,560.7649354003022,293.78769731903765,146306.27326488076,560.7649354003022,785225768.6126091
3.162,CreateCloud,OK,0,206.03799658597148,83.54976692474958,41607.78392852529,206.03799658597148,223308976.34439647
3.162,CreateDefaultCloud,FAILED_PRECONDITION,0,0,0,0,0,0
3.162,CreateDefaultCloud,INTERNAL,0,11.441340782122905,4.14060359719801,2062.0205914046087,11.441340782122905,11066864.514068455
3.162,CreateDefaultCloud,OK,0,0,0,0,0,0
3.162,CreateFolder,OK,0,464.20245189323407,173.9081614845411,86606.26441930147,464.20245189323407,464815821.1383903
3.162,DeleteCloud,CANCELLED,0,0,0,0,0,0
3.162,DeleteCloud,OK,0,0,0,0,0,0
3.162,DeleteFolder,CANCELLED,0,0,0,0,0,0
3.162,DeleteFolder,FAILED_PRECONDITION,0,0,0,0,0,0
3.162,DeleteFolder,OK,0,0,0,0,0,0
3.162,MoveCloud,FAILED_PRECONDITION,0,0,0,0,0,0
3.162,MoveCloud,OK,0,24,13.820966709977164,6882.841421568627,24,36940209.909558825
3.162,RemoveBlockPermissions,OK,0,40.46666666666666,21.64826897711269,10780.83795060212,40.46666666666666,57860757.280881725
3.162,SetCloudAccessBindings,FAILED_PRECONDITION,0,0,0,0,0,0
3.162,SetCloudAccessBindings,OK,0,9,3.1838011823307917,1585.5329888007343,9,8509555.550893543
3.162,SetCloudPermissionStages,OK,0,0,0,0,0,0
3.162,SetFolderAccessBindings,FAILED_PRECONDITION,0,0,0,0,0,0
3.162,SetFolderAccessBindings,OK,0,351.4661039689956,157.5634788031211,78466.6124439543,351.4661039689956,421130308.98670214
3.162,UnblockClouds,OK,0,554.1219066896936,215.10365964121567,107121.6225013254,554.1219066896936,574921747.9646127
3.162,UpdateCloud,OK,0,0,0,0,0,0
3.162,UpdateCloudAccessBindings,FAILED_PRECONDITION,0,1,0.26386657742079433,131.40555555555557,1,705253.6166666667
3.162,UpdateCloudAccessBindings,OK,0,3604.250566687112,1579.0541143598034,786368.9489511821,3604.250566687112,4220442149.0209947
3.162,UpdateCloudPermissionStages,OK,0,0,0,0,0,0
3.162,UpdateFolder,OK,0,0,0,0,0,0
3.162,UpdateFolderAccessBindings,FAILED_PRECONDITION,0,3,1.3419420681227852,668.287149925147,3,3586697.133648264
3.162,UpdateFolderAccessBindings,OK,0,38435.33291999151,17681.83270324678,8805552.686216896,38435.33291999151,47259401266.926056
3.162,UpdateFolderAccessBindings,RESOURCE_EXHAUSTED,0,0,0,0,0,0
3.162,UpdateQuotaLimit,OK,0,0,0,0,0,0
4.642,AddBlockPermissions,OK,0,170,95.71247243877471,47664.811274509804,170,255817042.11029413
4.642,ApplyBlockPermissions,CANCELLED,0,0,0,0,0,0
4.642,ApplyBlockPermissions,OK,0,0,0,0,0,0
4.642,BlockClouds,OK,0,439.59917314945136,254.12481560974985,126554.15817365542,439.59917314945136,679216166.9180048
4.642,CreateCloud,OK,0,126.59696482775391,47.71153155884814,23760.34271630637,126.59696482775391,127521759.35841705
4.642,CreateDefaultCloud,FAILED_PRECONDITION,0,0,0,0,0,0
4.642,CreateDefaultCloud,INTERNAL,0,3,1.428441543953592,711.3638888888888,3,3817889.9916666667
4.642,CreateDefaultCloud,OK,0,134.740522875817,66.47518863722532,33104.64394133821,134.740522875817,177672624.03316286
4.642,CreateFolder,OK,0,165.31388888888893,65.56938949276886,32653.555967398897,165.31388888888893,175251634.87702942
4.642,DeleteCloud,CANCELLED,0,0,0,0,0,0
4.642,DeleteCloud,OK,0,0,0,0,0,0
4.642,DeleteFolder,CANCELLED,0,0,0,0,0,0
4.642,DeleteFolder,FAILED_PRECONDITION,0,0,0,0,0,0
4.642,DeleteFolder,OK,0,0,0,0,0,0
4.642,MoveCloud,FAILED_PRECONDITION,0,0,0,0,0,0
4.642,MoveCloud,OK,0,7.003115264797508,1.7172456619669232,855.1883396595277,7.003115264797508,4589795.818952676
4.642,RemoveBlockPermissions,OK,0,41,24.33633099156664,12119.492833800186,41,65045318.03900561
4.642,SetCloudAccessBindings,FAILED_PRECONDITION,0,0,0,0,0,0
4.642,SetCloudAccessBindings,OK,0,2,0.23333018159362642,116.19843043362596,2,623636.9761372706
4.642,SetCloudPermissionStages,OK,0,0,0,0,0,0
4.642,SetFolderAccessBindings,FAILED_PRECONDITION,0,0,0,0,0,0
4.642,SetFolderAccessBindings,OK,0,56,34.43370612291793,17147.98564921313,56,92033238.97932687
4.642,UnblockClouds,OK,0,190.3039637751156,87.25363586172419,43452.310659138646,190.3039637751156,233208551.30759773
4.642,UpdateCloud,OK,0,0,0,0,0,0
4.642,UpdateCloudAccessBindings,FAILED_PRECONDITION,0,1,0.8739178937974119,435.2111111111111,1,2335778.033333333
4.642,UpdateCloudAccessBindings,OK,0,2094.4456348335148,917.5513505733157,456940.57258551125,2094.4456348335148,2452400053.066423
4.642,UpdateCloudPermissionStages,OK,0,0,0,0,0,0
4.642,UpdateFolder,OK,0,0,0,0,0,0
4.642,UpdateFolderAccessBindings,FAILED_PRECONDITION,0,3,2.6217536813922355,1305.6333333333332,3,7007334.1
4.642,UpdateFolderAccessBindings,OK,0,9696.789225001983,4820.2353953391475,2400477.2268788954,9696.789225001983,12883361276.659021
4.642,UpdateFolderAccessBindings,RESOURCE_EXHAUSTED,0,0,0,0,0,0
4.642,UpdateQuotaLimit,OK,0,0,0,0,0,0
6.813,AddBlockPermissions,OK,0,121,70.84824658109562,35282.42679738562,121,189360784.62156862
6.813,ApplyBlockPermissions,CANCELLED,0,0,0,0,0,0
6.813,ApplyBlockPermissions,OK,0,0,0,0,0,0
6.813,BlockClouds,OK,0,326.2416666666667,176.4559131842671,87875.04476576502,326.2416666666667,471625365.25785697
6.813,CreateCloud,OK,0,21,3.7941694774130665,1889.496399751707,21,10140927.177467411
6.813,CreateDefaultCloud,FAILED_PRECONDITION,0,0,0,0,0,0
6.813,CreateDefaultCloud,INTERNAL,0,4,1.5274615220659171,760.6758379888267,4,4082547.222486033
6.813,CreateDefaultCloud,OK,0,5532.081628451411,2727.270484195936,1358180.7011295762,5532.081628451411,7289355822.962442
6.813,CreateFolder,OK,0,59.340914297798854,19.916746228292222,9918.539621689526,59.340914297798854,53232802.149607725
6.813,DeleteCloud,CANCELLED,0,0,0,0,0,0
6.813,DeleteCloud,OK,0,0,0,0,0,0
6.813,DeleteFolder,CANCELLED,0,0,0,0,0,0
6.813,DeleteFolder,FAILED_PRECONDITION,0,0,0,0,0,0
6.813,DeleteFolder,OK,0,0,0,0,0,0
6.813,MoveCloud,FAILED_PRECONDITION,0,0,0,0,0,0
6.813,MoveCloud,OK,0,0,0,0,0,0
6.813,RemoveBlockPermissions,OK,0,8,4.652140099082569,2316.7657693431192,8,12434081.88406452
6.813,SetCloudAccessBindings,FAILED_PRECONDITION,0,0,0,0,0,0
6.813,SetCloudAccessBindings,OK,0,0,0,0,0,0
6.813,SetCloudPermissionStages,OK,0,0,0,0,0,0
6.813,SetFolderAccessBindings,FAILED_PRECONDITION,0,0,0,0,0,0
6.813,SetFolderAccessBindings,OK,0,6,3.8437848538785806,1914.2048572315332,6,10273537.46876164
6.813,UnblockClouds,OK,0,30,16.136850528984667,8036.151563434363,30,43130025.44095222
6.813,UpdateCloud,OK,0,0,0,0,0,0
6.813,UpdateCloudAccessBindings,FAILED_PRECONDITION,0,0,0,0,0,0
6.813,UpdateCloudAccessBindings,OK,0,2046.0026976697372,902.0659659678231,449228.8510519759,2046.0026976697372,2411011243.595963
6.813,UpdateCloudPermissionStages,OK,0,0,0,0,0,0
6.813,UpdateFolder,OK,0,0,0,0,0,0
6.813,UpdateFolderAccessBindings,FAILED_PRECONDITION,0,3,0.11204989070657351,55.80084557187361,3,299483.1381842457
6.813,UpdateFolderAccessBindings,OK,0,15941.475278704827,6854.7050071165895,3413643.0935440618,15941.475278704827,18321022483.051018
6.813,UpdateFolderAccessBindings,RESOURCE_EXHAUSTED,0,0,0,0,0,0
6.813,UpdateQuotaLimit,OK,0,0,0,0,0,0
10.0,AddBlockPermissions,OK,0,107,68.41627654408482,34071.305718954245,107,182860697.79362744
10.0,ApplyBlockPermissions,CANCELLED,0,0,0,0,0,0
10.0,ApplyBlockPermissions,OK,0,0,0,0,0,0
10.0,BlockClouds,OK,0,322,180.18856996613906,89733.90784313725,322,481601883.39411765
10.0,CreateCloud,OK,0,0,0,0,0,0
10.0,CreateDefaultCloud,FAILED_PRECONDITION,0,0,0,0,0,0
10.0,CreateDefaultCloud,INTERNAL,0,0,0,0,0,0
10.0,CreateDefaultCloud,OK,0,34420.32265867736,16890.701160828823,8411569.178092754,34420.32265867736,45144891778.82377
10.0,CreateFolder,OK,0,16,5.715644714059837,2846.391067601799,16,15276580.859818853
10.0,DeleteCloud,CANCELLED,0,0,0,0,0,0
10.0,DeleteCloud,OK,0,0,0,0,0,0
10.0,DeleteFolder,CANCELLED,0,0,0,0,0,0
10.0,DeleteFolder,FAILED_PRECONDITION,0,0,0,0,0,0
10.0,DeleteFolder,OK,0,0,0,0,0,0
10.0,MoveCloud,FAILED_PRECONDITION,0,0,0,0,0,0
10.0,MoveCloud,OK,0,0,0,0,0,0
10.0,RemoveBlockPermissions,OK,0,3,1.533132530120482,763.5,3,4097704.5
10.0,SetCloudAccessBindings,FAILED_PRECONDITION,0,0,0,0,0,0
10.0,SetCloudAccessBindings,OK,0,0,0,0,0,0
10.0,SetCloudPermissionStages,OK,0,0,0,0,0,0
10.0,SetFolderAccessBindings,FAILED_PRECONDITION,0,0,0,0,0,0
10.0,SetFolderAccessBindings,OK,0,1,0.03714388068706752,18.497652582159624,1,99276.9014084507
10.0,UnblockClouds,OK,0,20.466666666666665,10.860139088504255,5408.349266075119,20.466666666666665,29026610.511025473
10.0,UpdateCloud,OK,0,0,0,0,0,0
10.0,UpdateCloudAccessBindings,FAILED_PRECONDITION,0,0,0,0,0,0
10.0,UpdateCloudAccessBindings,OK,0,83.74243297379134,37.33486435722729,18592.76244989919,83.74243297379134,99787356.0686087
10.0,UpdateCloudPermissionStages,OK,0,0,0,0,0,0
10.0,UpdateFolder,OK,0,0,0,0,0,0
10.0,UpdateFolderAccessBindings,FAILED_PRECONDITION,0,0,0,0,0,0
10.0,UpdateFolderAccessBindings,OK,0,1584.1565139360841,451.57093845964937,224882.32735290538,1584.1565139360841,1206943450.9030395
10.0,UpdateFolderAccessBindings,RESOURCE_EXHAUSTED,0,0,0,0,0,0
10.0,UpdateQuotaLimit,OK,0,0,0,0,0,0
14.678,AddBlockPermissions,OK,0,118,70.47027981205869,35094.19934640523,118,188350567.89215687
14.678,ApplyBlockPermissions,CANCELLED,0,0,0,0,0,0
14.678,ApplyBlockPermissions,OK,0,0,0,0,0,0
14.678,BlockClouds,OK,0,128,80.94590092395725,40311.058660130715,128,216349451.8289216
14.678,CreateCloud,OK,0,0,0,0,0,0
14.678,CreateDefaultCloud,FAILED_PRECONDITION,0,0,0,0,0,0
14.678,CreateDefaultCloud,INTERNAL,0,0,0,0,0,0
14.678,CreateDefaultCloud,OK,0,20434.088718864055,9346.900015019164,4654756.207479544,20434.088718864055,24982076565.542747
14.678,CreateFolder,OK,0,6,1.1303863063410782,562.932380557857,6,3021258.086454018
14.678,DeleteCloud,CANCELLED,0,0,0,0,0,0
14.678,DeleteCloud,OK,0,0,0,0,0,0
14.678,DeleteFolder,CANCELLED,0,1,0.6583835341365462,327.875,1,1759705.125
14.678,DeleteFolder,FAILED_PRECONDITION,0,0,0,0,0,0
14.678,DeleteFolder,OK,0,0,0,0,0,0
14.678,MoveCloud,FAILED_PRECONDITION,0,0,0,0,0,0
14.678,MoveCloud,OK,0,0,0,0,0,0
14.678,RemoveBlockPermissions,OK,0,2,1.8893397117883297,940.8911764705882,2,5049762.944117647
14.678,SetCloudAccessBindings,FAILED_PRECONDITION,0,0,0,0,0,0
14.678,SetCloudAccessBindings,OK,0,0,0,0,0,0
14.678,SetCloudPermissionStages,OK,0,0,0,0,0,0
14.678,SetFolderAccessBindings,FAILED_PRECONDITION,0,0,0,0,0,0
14.678,SetFolderAccessBindings,OK,0,0,0,0,0,0
14.678,UnblockClouds,OK,0,15,8.40668861120631,4186.530928380742,15,22469111.492619444
14.678,UpdateCloud,OK,0,0,0,0,0,0
14.678,UpdateCloudAccessBindings,FAILED_PRECONDITION,0,0,0,0,0,0
14.678,UpdateCloudAccessBindings,OK,0,1,0.9447673045121663,470.49411764705883,1,2525141.9294117647
14.678,UpdateCloudPermissionStages,OK,0,0,0,0,0,0
14.678,UpdateFolder,OK,0,0,0,0,0,0
14.678,UpdateFolderAccessBindings,FAILED_PRECONDITION,0,1,0.03734564425928011,18.598130841121495,1,99816.16822429906
14.678,UpdateFolderAccessBindings,OK,0,8,5.901505132192213,2938.949555831722,8,15773342.266148854
14.678,UpdateFolderAccessBindings,RESOURCE_EXHAUSTED,0,0,0,0,0,0
14.678,UpdateQuotaLimit,OK,0,0,0,0,0,0
21.544,AddBlockPermissions,OK,0,55,39.2630279287083,19552.987908496732,55,104940886.10490197
21.544,ApplyBlockPermissions,CANCELLED,0,0,0,0,0,0
21.544,ApplyBlockPermissions,OK,0,0,0,0,0,0
21.544,BlockClouds,OK,0,115,74.93583681129748,37318.046732026145,115,200285956.8107843
21.544,CreateCloud,OK,0,0,0,0,0,0
21.544,CreateDefaultCloud,FAILED_PRECONDITION,0,0,0,0,0,0
21.544,CreateDefaultCloud,INTERNAL,0,0,0,0,0,0
21.544,CreateDefaultCloud,OK,0,640.7551922767926,269.6513201656863,134286.35744251177,640.7551922767926,720714880.3939605
21.544,CreateFolder,OK,0,4,0.14856618347374842,73.98595936992672,4,397082.6439383967
21.544,DeleteCloud,CANCELLED,0,0,0,0,0,0
21.544,DeleteCloud,OK,0,0,0,0,0,0
21.544,DeleteFolder,CANCELLED,0,1,0.9723114680946007,484.2111111111111,1,2598761.033333333
21.544,DeleteFolder,FAILED_PRECONDITION,0,0,0,0,0,0
21.544,DeleteFolder,OK,0,0,0,0,0,0
21.544,MoveCloud,FAILED_PRECONDITION,0,0,0,0,0,0
21.544,MoveCloud,OK,0,0,0,0,0,0
21.544,RemoveBlockPermissions,OK,0,0,0,0,0,0
21.544,SetCloudAccessBindings,FAILED_PRECONDITION,0,0,0,0,0,0
21.544,SetCloudAccessBindings,OK,0,0,0,0,0,0
21.544,SetCloudPermissionStages,OK,0,0,0,0,0,0
21.544,SetFolderAccessBindings,FAILED_PRECONDITION,0,0,0,0,0,0
21.544,SetFolderAccessBindings,OK,0,0,0,0,0,0
21.544,UnblockClouds,OK,0,3,0.11183049956836694,55.69158878504673,3,298896.7570093458
21.544,UpdateCloud,OK,0,0,0,0,0,0
21.544,UpdateCloudAccessBindings,FAILED_PRECONDITION,0,0,0,0,0,0
21.544,UpdateCloudAccessBindings,OK,0,0,0,0,0,0
21.544,UpdateCloudPermissionStages,OK,0,0,0,0,0,0
21.544,UpdateFolder,OK,0,0,0,0,0,0
21.544,UpdateFolderAccessBindings,FAILED_PRECONDITION,0,0,0,0,0,0
21.544,UpdateFolderAccessBindings,OK,0,13,10.46597838790354,5212.057237175963,13,27973111.191923395
21.544,UpdateFolderAccessBindings,RESOURCE_EXHAUSTED,0,0,0,0,0,0
21.544,UpdateQuotaLimit,OK,0,0,0,0,0,0
31.623,AddBlockPermissions,OK,0,34,32.12181667847862,15996.664705882353,34,85854099.47647059
31.623,ApplyBlockPermissions,CANCELLED,0,0,0,0,0,0
31.623,ApplyBlockPermissions,OK,0,0,0,0,0,0
31.623,BlockClouds,OK,0,409,368.6930949287345,183609.1612745098,409,985430368.5602942
31.623,CreateCloud,OK,0,0,0,0,0,0
31.623,CreateDefaultCloud,FAILED_PRECONDITION,0,0,0,0,0,0
31.623,CreateDefaultCloud,INTERNAL,0,0,0,0,0,0
31.623,CreateDefaultCloud,OK,0,74.60820386499874,34.49479633278427,17178.408573726567,74.60820386499874,92196518.81519014
31.623,CreateFolder,OK,0,1,0.03714388068706752,18.497652582159624,1,99276.9014084507
31.623,DeleteCloud,CANCELLED,0,0,0,0,0,0
31.623,DeleteCloud,OK,0,0,0,0,0,0
31.623,DeleteFolder,CANCELLED,0,0,0,0,0,0
31.623,DeleteFolder,FAILED_PRECONDITION,0,0,0,0,0,0
31.623,DeleteFolder,OK,0,0,0,0,0,0
31.623,MoveCloud,FAILED_PRECONDITION,0,0,0,0,0,0
31.623,MoveCloud,OK,0,0,0,0,0,0
31.623,RemoveBlockPermissions,OK,0,2,1.889363335695724,940.9029411764706,2,5049826.085294118
31.623,SetCloudAccessBindings,FAILED_PRECONDITION,0,0,0,0,0,0
31.623,SetCloudAccessBindings,OK,0,0,0,0,0,0
31.623,SetCloudPermissionStages,OK,0,0,0,0,0,0
31.623,SetFolderAccessBindings,FAILED_PRECONDITION,0,0,0,0,0,0
31.623,SetFolderAccessBindings,OK,0,0,0,0,0,0
31.623,UnblockClouds,OK,0,6,2.9460278135325493,1467.1218511392096,6,7874042.975064137
31.623,UpdateCloud,OK,0,0,0,0,0,0
31.623,UpdateCloudAccessBindings,FAILED_PRECONDITION,0,1,0.03737808376362593,18.614285714285714,1,99902.87142857144
31.623,UpdateCloudAccessBindings,OK,0,0,0,0,0,0
31.623,UpdateCloudPermissionStages,OK,0,0,0,0,0,0
31.623,UpdateFolder,OK,0,0,0,0,0,0
31.623,UpdateFolderAccessBindings,FAILED_PRECONDITION,0,8,0.29892137294988136,148.86284372904092,8,798946.8822937626
31.623,UpdateFolderAccessBindings,OK,0,13,8.651431053355214,4308.412664570897,13,23123250.770752
31.623,UpdateFolderAccessBindings,RESOURCE_EXHAUSTED,0,0,0,0,0,0
31.623,UpdateQuotaLimit,OK,0,0,0,0,0,0
46.416,AddBlockPermissions,OK,0,60,56.68476848570754,28229.014705882353,60,151505121.92647058
46.416,ApplyBlockPermissions,CANCELLED,0,0,0,0,0,0
46.416,ApplyBlockPermissions,OK,0,0,0,0,0,0
46.416,BlockClouds,OK,0,304,287.1928419560595,143022.03529411764,304,767599263.4235294
46.416,CreateCloud,OK,0,0,0,0,0,0
46.416,CreateDefaultCloud,FAILED_PRECONDITION,0,0,0,0,0,0
46.416,CreateDefaultCloud,INTERNAL,0,0,0,0,0,0
46.416,CreateDefaultCloud,OK,0,13,4.4429777045829555,2212.602896882312,13,11875039.74756737
46.416,CreateFolder,OK,0,5,2.908350907702334,1448.3587520357623,5,7773341.4221759355
46.416,DeleteCloud,CANCELLED,0,15,6.84013613323061,3406.3877943488437,15,18282083.292270243
46.416,DeleteCloud,OK,0,0,0,0,0,0
46.416,DeleteFolder,CANCELLED,0,11.992481203007518,5.086669937395308,2533.1616288228633,11.992481203007518,13595478.461892204
46.416,DeleteFolder,FAILED_PRECONDITION,0,0,0,0,0,0
46.416,DeleteFolder,OK,0,0,0,0,0,0
46.416,MoveCloud,FAILED_PRECONDITION,0,0,0,0,0,0
46.416,MoveCloud,OK,0,0,0,0,0,0
46.416,RemoveBlockPermissions,OK,0,4,3.7787384833451454,1881.8117647058823,4,10099683.741176471
46.416,SetCloudAccessBindings,FAILED_PRECONDITION,0,0,0,0,0,0
46.416,SetCloudAccessBindings,OK,0,0,0,0,0,0
46.416,SetCloudPermissionStages,OK,0,0,0,0,0,0
46.416,SetFolderAccessBindings,FAILED_PRECONDITION,0,0,0,0,0,0
46.416,SetFolderAccessBindings,OK,0,0,0,0,0,0
46.416,UnblockClouds,OK,0,3,1.0190464176238085,507.48511597665663,3,2723672.6174467164
46.416,UpdateCloud,OK,0,0,0,0,0,0
46.416,UpdateCloudAccessBindings,FAILED_PRECONDITION,0,0,0,0,0,0
46.416,UpdateCloudAccessBindings,OK,0,0,0,0,0,0
46.416,UpdateCloudPermissionStages,OK,0,0,0,0,0,0
46.416,UpdateFolder,OK,0,0,0,0,0,0
46.416,UpdateFolderAccessBindings,FAILED_PRECONDITION,0,3,0.1120236727701469,55.78778903953315,3,299413.06377517444
46.416,UpdateFolderAccessBindings,OK,0,7,2.0761746666100334,1033.9349839717966,7,5549129.058976632
46.416,UpdateFolderAccessBindings,RESOURCE_EXHAUSTED,0,0,0,0,0,0
46.416,UpdateQuotaLimit,OK,0,0,0,0,0,0
68.129,AddBlockPermissions,OK,0,175,165.32952988424287,82334.10588235295,175,441887146.2705882
68.129,ApplyBlockPermissions,CANCELLED,0,0,0,0,0,0
68.129,ApplyBlockPermissions,OK,0,0,0,0,0,0
68.129,BlockClouds,OK,0,665,628.2393928655799,312863.21764705883,665,1679136889.1117647
68.129,CreateCloud,OK,0,0,0,0,0,0
68.129,CreateDefaultCloud,FAILED_PRECONDITION,0,0,0,0,0,0
68.129,CreateDefaultCloud,INTERNAL,0,0,0,0,0,0
68.129,CreateDefaultCloud,OK,0,9,5.022333516150582,2501.12209104299,9,13423522.262627728
68.129,CreateFolder,OK,0,79,23.155898214688474,11531.63731091486,79,61890297.447680056
68.129,DeleteCloud,CANCELLED,0,9.87987987987988,5.477268835100161,2727.67987987988,9.87987987987988,14639457.915315315
68.129,DeleteCloud,OK,0,0,0,0,0,0
68.129,DeleteFolder,CANCELLED,0,14,7.157405330229652,3564.387854454367,14,19130069.61485659
68.129,DeleteFolder,FAILED_PRECONDITION,0,0,0,0,0,0
68.129,DeleteFolder,OK,0,0,0,0,0,0
68.129,MoveCloud,FAILED_PRECONDITION,0,0,0,0,0,0
68.129,MoveCloud,OK,0,0,0,0,0,0
68.129,RemoveBlockPermissions,OK,0,1,0.9446846208362863,470.4529411764706,1,2524920.935294118
68.129,SetCloudAccessBindings,FAILED_PRECONDITION,0,0,0,0,0,0
68.129,SetCloudAccessBindings,OK,0,0,0,0,0,0
68.129,SetCloudPermissionStages,OK,0,0,0,0,0,0
68.129,SetFolderAccessBindings,FAILED_PRECONDITION,0,0,0,0,0,0
68.129,SetFolderAccessBindings,OK,0,0,0,0,0,0
68.129,UnblockClouds,OK,0,10,3.094752986064144,1541.1869870599437,10,8271550.559550718
68.129,UpdateCloud,OK,0,0,0,0,0,0
68.129,UpdateCloudAccessBindings,FAILED_PRECONDITION,0,0,0,0,0,0
68.129,UpdateCloudAccessBindings,OK,0,0,0,0,0,0
68.129,UpdateCloudPermissionStages,OK,0,0,0,0,0,0
68.129,UpdateFolder,OK,0,0,0,0,0,0
68.129,UpdateFolderAccessBindings,FAILED_PRECONDITION,0,2,0.07465260101438619,37.17699530516432,2,199528.9338028169
68.129,UpdateFolderAccessBindings,OK,0,1,0.03729872762076343,18.574766355140188,1,99690.77102803739
68.129,UpdateFolderAccessBindings,RESOURCE_EXHAUSTED,0,0,0,0,0,0
68.129,UpdateQuotaLimit,OK,0,0,0,0,0,0
100.0,AddBlockPermissions,OK,0,224,211.6191412709662,105386.33235294117,224,565608445.7382352
100.0,ApplyBlockPermissions,CANCELLED,0,0,0,0,0,0
100.0,ApplyBlockPermissions,OK,0,0,0,0,0,0
100.0,BlockClouds,OK,0,1234,1165.776600519726,580556.7470588235,1234,3115848061.464706
100.0,CreateCloud,OK,0,0,0,0,0,0
100.0,CreateDefaultCloud,FAILED_PRECONDITION,0,0,0,0,0,0
100.0,CreateDefaultCloud,INTERNAL,0,2,0.07446141901641933,37.081786670176825,2,199017.949058839
100.0,CreateDefaultCloud,OK,0,12,9.171708383837716,4567.510775151182,12,24513830.330236394
100.0,CreateFolder,OK,0,11,3.2037561027955674,1595.4705391921925,11,8562890.383844499
100.0,DeleteCloud,CANCELLED,0,1,0.266103302097278,132.51944444444445,1,711231.8583333334
100.0,DeleteCloud,OK,0,0,0,0,0,0
100.0,DeleteFolder,CANCELLED,0,3,1.7038848129949968,848.5346368715084,3,4554085.396089386
100.0,DeleteFolder,FAILED_PRECONDITION,0,0,0,0,0,0
100.0,DeleteFolder,OK,0,0,0,0,0,0
100.0,MoveCloud,FAILED_PRECONDITION,0,0,0,0,0,0
100.0,MoveCloud,OK,0,0,0,0,0,0
100.0,RemoveBlockPermissions,OK,0,0,0,0,0,0
100.0,SetCloudAccessBindings,FAILED_PRECONDITION,0,0,0,0,0,0
100.0,SetCloudAccessBindings,OK,0,0,0,0,0,0
100.0,SetCloudPermissionStages,OK,0,0,0,0,0,0
100.0,SetFolderAccessBindings,FAILED_PRECONDITION,0,0,0,0,0,0
100.0,SetFolderAccessBindings,OK,0,0,0,0,0,0
100.0,UnblockClouds,OK,0,3,1.926639819310226,959.4666300164926,3,5149457.403298516
100.0,UpdateCloud,OK,0,0,0,0,0,0
100.0,UpdateCloudAccessBindings,FAILED_PRECONDITION,0,0,0,0,0,0
100.0,UpdateCloudAccessBindings,OK,0,1,0.03733983553260661,18.595238095238095,1,99800.64285714286
100.0,UpdateCloudPermissionStages,OK,0,0,0,0,0,0
100.0,UpdateFolder,OK,0,0,0,0,0,0
100.0,UpdateFolderAccessBindings,FAILED_PRECONDITION,0,3,0.11189269055470705,55.72255989624411,3,299062.97896314214
100.0,UpdateFolderAccessBindings,OK,0,3,0.1439741002372631,71.69910191815703,3,384809.07999474875
100.0,UpdateFolderAccessBindings,RESOURCE_EXHAUSTED,0,0,0,0,0,0
100.0,UpdateQuotaLimit,OK,0,0,0,0,0,0
215.443,AddBlockPermissions,OK,0,294,277.7452929364517,138317.15588235293,294,742348175.6205883
215.443,ApplyBlockPermissions,CANCELLED,0,1,0.9960787594823739,496.0472222222222,1,2662285.4416666664
215.443,ApplyBlockPermissions,OK,0,0,0,0,0,0
215.443,BlockClouds,OK,0,1312,1239.457843137255,617250.0058823529,1312,3312780781.570588
215.443,CreateCloud,OK,0,0,0,0,0,0
215.443,CreateDefaultCloud,FAILED_PRECONDITION,0,0.2466666666666668,0.07295774647887326,36.26000000000001,0.2466666666666668,194607.4200000008
215.443,CreateDefaultCloud,INTERNAL,0,3,0.1115130377971215,55.53349282296651,3,298048.25598086126
215.443,CreateDefaultCloud,OK,0,15,9.667411265172422,4814.370810055866,15,25838728.137569834
215.443,CreateFolder,OK,0,22,6.427307268288842,3200.799019607843,22,17178688.338235296
215.443,DeleteCloud,CANCELLED,0,36,15.356482757747944,7647.528413358476,36,41044284.99449493
215.443,DeleteCloud,OK,0,0,0,0,0,0
215.443,DeleteFolder,CANCELLED,0,34,18.924416419099558,9424.35937671158,34,50580536.774811044
215.443,DeleteFolder,FAILED_PRECONDITION,0,0,0,0,0,0
215.443,DeleteFolder,OK,0,0,0,0,0,0
215.443,MoveCloud,FAILED_PRECONDITION,0,0,0,0,0,0
215.443,MoveCloud,OK,0,0,0,0,0,0
215.443,RemoveBlockPermissions,OK,0,0,0,0,0,0
215.443,SetCloudAccessBindings,FAILED_PRECONDITION,0,0,0,0,0,0
215.443,SetCloudAccessBindings,OK,0,0,0,0,0,0
215.443,SetCloudPermissionStages,OK,0,0,0,0,0,0
215.443,SetFolderAccessBindings,FAILED_PRECONDITION,0,0,0,0,0,0
215.443,SetFolderAccessBindings,OK,0,0,0,0,0,0
215.443,UnblockClouds,OK,0,2,0.9819023758585745,488.9873831775701,2,2624395.2855140185
215.443,UpdateCloud,OK,0,0,0,0,0,0
215.443,UpdateCloudAccessBindings,FAILED_PRECONDITION,0,0,0,0,0,0
215.443,UpdateCloudAccessBindings,OK,0,0,0,0,0,0
215.443,UpdateCloudPermissionStages,OK,0,0,0,0,0,0
215.443,UpdateFolder,OK,0,0,0,0,0,0
215.443,UpdateFolderAccessBindings,FAILED_PRECONDITION,0,7,0.2609233571768323,129.9398318740625,7,697387.0776680934
215.443,UpdateFolderAccessBindings,OK,0,7,0.2607562366940386,129.85660587363122,7,696940.4037237787
215.443,UpdateFolderAccessBindings,RESOURCE_EXHAUSTED,0,0,0,0,0,0
215.443,UpdateQuotaLimit,OK,0,0,0,0,0,0
316.228,AddBlockPermissions,OK,0,0,0,0,0,0
316.228,ApplyBlockPermissions,CANCELLED,0,8.488888888888887,7.820364792503405,3894.5416666666956,8.488888888888887,20902005.125000093
316.228,ApplyBlockPermissions,OK,0,0,0,0,0,0
316.228,BlockClouds,OK,0,0,0,0,0,0
316.228,CreateCloud,OK,0,0,0,0,0,0
316.228,CreateDefaultCloud,FAILED_PRECONDITION,0,0,0,0,0,0
316.228,CreateDefaultCloud,INTERNAL,0,0,0,0,0,0
316.228,CreateDefaultCloud,OK,0,6.000000000000001,4.486585229808122,2234.319444444445,6.000000000000001,11991592.458333334
316.228,CreateFolder,OK,0,2,0.4663241200094496,232.2294117647059,2,1246375.2529411765
316.228,DeleteCloud,CANCELLED,0,22,10.513865391459584,5235.9049649468725,22,28101101.94686987
316.228,DeleteCloud,OK,0,2,1.614123159303882,803.8333333333333,2,4314173.5
316.228,DeleteFolder,CANCELLED,0,17,7.237356933118241,3604.203752692884,17,19343761.540702708
316.228,DeleteFolder,FAILED_PRECONDITION,0,0,0,0,0,0
316.228,DeleteFolder,OK,0,0,0,0,0,0
316.228,MoveCloud,FAILED_PRECONDITION,0,0,0,0,0,0
316.228,MoveCloud,OK,0,0,0,0,0,0
316.228,RemoveBlockPermissions,OK,0,0,0,0,0,0
316.228,SetCloudAccessBindings,FAILED_PRECONDITION,0,0,0,0,0,0
316.228,SetCloudAccessBindings,OK,0,0,0,0,0,0
316.228,SetCloudPermissionStages,OK,0,0,0,0,0,0
316.228,SetFolderAccessBindings,FAILED_PRECONDITION,0,0,0,0,0,0
316.228,SetFolderAccessBindings,OK,0,0,0,0,0,0
316.228,UnblockClouds,OK,0,1,0.03714859437751004,18.5,1,99289.5
316.228,UpdateCloud,OK,0,0,0,0,0,0
316.228,UpdateCloudAccessBindings,FAILED_PRECONDITION,0,0,0,0,0,0
316.228,UpdateCloudAccessBindings,OK,0,2,0.07448416024777546,37.093111803392176,2,199078.7310488058
316.228,UpdateCloudPermissionStages,OK,0,0,0,0,0,0
316.228,UpdateFolder,OK,0,0,0,0,0,0
316.228,UpdateFolderAccessBindings,FAILED_PRECONDITION,0,5,0.1860498982644105,92.65284933567644,5,497267.84238457546
316.228,UpdateFolderAccessBindings,OK,0,3,0.11159151105761293,55.57257250669124,3,298257.99664341187
316.228,UpdateFolderAccessBindings,RESOURCE_EXHAUSTED,0,0,0,0,0,0
316.228,UpdateQuotaLimit,OK,0,0,0,0,0,0
464.159,AddBlockPermissions,OK,0,0,0,0,0,0
464.159,ApplyBlockPermissions,CANCELLED,0,286.9217392301931,144.50794657199015,71964.9573928511,286.9217392301931,386235926.32743067
464.159,ApplyBlockPermissions,OK,0,0,0,0,0,0
464.159,BlockClouds,OK,0,0,0,0,0,0
464.159,CreateCloud,OK,0,0,0,0,0,0
464.159,CreateDefaultCloud,FAILED_PRECONDITION,0,0,0,0,0,0
464.159,CreateDefaultCloud,INTERNAL,0,0,0,0,0,0
464.159,CreateDefaultCloud,OK,0,1.9999999999999998,1.4947958500669343,744.4083333333333,1.9999999999999998,3995239.525
464.159,CreateFolder,OK,0,4,0.36772347606387995,183.1262910798122,4,982838.8042253521
464.159,DeleteCloud,CANCELLED,0,35.00990099009901,17.102750378579227,8517.169688532455,35.00990099009901,45711649.718354054
464.159,DeleteCloud,OK,0,70.91844917543241,34.622869473318836,17242.18899771278,70.91844917543241,92538828.35072471
464.159,DeleteFolder,CANCELLED,0,11,4.598049906096173,2289.8288532358943,11,12289511.455317043
464.159,DeleteFolder,FAILED_PRECONDITION,0,0,0,0,0,0
464.159,DeleteFolder,OK,0,0,0,0,0,0
464.159,MoveCloud,FAILED_PRECONDITION,0,0,0,0,0,0
464.159,MoveCloud,OK,0,0,0,0,0,0
464.159,RemoveBlockPermissions,OK,0,0,0,0,0,0
464.159,SetCloudAccessBindings,FAILED_PRECONDITION,0,0,0,0,0,0
464.159,SetCloudAccessBindings,OK,0,0,0,0,0,0
464.159,SetCloudPermissionStages,OK,0,0,0,0,0,0
464.159,SetFolderAccessBindings,FAILED_PRECONDITION,0,0,0,0,0,0
464.159,SetFolderAccessBindings,OK,0,0,0,0,0,0
464.159,UnblockClouds,OK,0,3,0.11143164206120255,55.49295774647887,3,297830.70422535215
464.159,UpdateCloud,OK,0,0,0,0,0,0
464.159,UpdateCloudAccessBindings,FAILED_PRECONDITION,0,0,0,0,0,0
464.159,UpdateCloudAccessBindings,OK,0,1,0.03717216282972265,18.51173708920188,1,99352.49295774648
464.159,UpdateCloudPermissionStages,OK,0,0,0,0,0,0
464.159,UpdateFolder,OK,0,0,0,0,0,0
464.159,UpdateFolderAccessBindings,FAILED_PRECONDITION,0,3,0.11151150544498585,55.532729711602954,3,298044.16036217305
464.159,UpdateFolderAccessBindings,OK,0,2,0.07432547089767522,37.014084507042256,2,198654.59154929576
464.159,UpdateFolderAccessBindings,RESOURCE_EXHAUSTED,0,0,0,0,0,0
464.159,UpdateQuotaLimit,OK,0,0,0,0,0,0
681.292,AddBlockPermissions,OK,0,0,0,0,0,0
681.292,ApplyBlockPermissions,CANCELLED,0,114.55477616849247,51.36169994385377,25578.12657203918,114.55477616849247,137277805.31213447
681.292,ApplyBlockPermissions,OK,0,0,0,0,0,0
681.292,BlockClouds,OK,0,0,0,0,0,0
681.292,CreateCloud,OK,0,0,0,0,0,0
681.292,CreateDefaultCloud,FAILED_PRECONDITION,0,0,0,0,0,0
681.292,CreateDefaultCloud,INTERNAL,0,1,0.03714388068706752,18.497652582159624,1,99276.9014084507
681.292,CreateDefaultCloud,OK,0,7,0.2599782062954039,129.46914673511114,7,694860.9105273415
681.292,CreateFolder,OK,0,2,0.07423926475131294,36.97115384615385,2,198424.1826923077
681.292,DeleteCloud,CANCELLED,0,3,1.3321392573617212,663.4053501661372,3,3560496.5143416584
681.292,DeleteCloud,OK,0,177.3860614201148,85.17548186656816,42417.389969550946,177.3860614201148,227654131.96658084
681.292,DeleteFolder,CANCELLED,0,3,1.711479250334672,852.3166666666667,3,4574383.55
681.292,DeleteFolder,FAILED_PRECONDITION,0,0,0,0,0,0
681.292,DeleteFolder,OK,0,0,0,0,0,0
681.292,MoveCloud,FAILED_PRECONDITION,0,0,0,0,0,0
681.292,MoveCloud,OK,0,0,0,0,0,0
681.292,RemoveBlockPermissions,OK,0,0,0,0,0,0
681.292,SetCloudAccessBindings,FAILED_PRECONDITION,0,0,0,0,0,0
681.292,SetCloudAccessBindings,OK,0,0,0,0,0,0
681.292,SetCloudPermissionStages,OK,0,0,0,0,0,0
681.292,SetFolderAccessBindings,FAILED_PRECONDITION,0,0,0,0,0,0
681.292,SetFolderAccessBindings,OK,0,0,0,0,0,0
681.292,UnblockClouds,OK,0,0,0,0,0,0
681.292,UpdateCloud,OK,0,0,0,0,0,0
681.292,UpdateCloudAccessBindings,FAILED_PRECONDITION,0,0,0,0,0,0
681.292,UpdateCloudAccessBindings,OK,0,1,0.03714388068706752,18.497652582159624,1,99276.9014084507
681.292,UpdateCloudPermissionStages,OK,0,0,0,0,0,0
681.292,UpdateFolder,OK,0,0,0,0,0,0
681.292,UpdateFolderAccessBindings,FAILED_PRECONDITION,0,0,0,0,0,0
681.292,UpdateFolderAccessBindings,OK,0,3,0.1113930303959509,55.47372913718355,3,297727.50427926413
681.292,UpdateFolderAccessBindings,RESOURCE_EXHAUSTED,0,0,0,0,0,0
681.292,UpdateQuotaLimit,OK,0,0,0,0,0,0
1000.0,AddBlockPermissions,OK,0,0,0,0,0,0
1000.0,ApplyBlockPermissions,CANCELLED,0,89.47330850403475,54.39381043544688,27088.117596852546,89.47330850403475,145381927.14230764
1000.0,ApplyBlockPermissions,OK,0,0,0,0,0,0
1000.0,BlockClouds,OK,0,0,0,0,0,0
1000.0,CreateCloud,OK,0,0,0,0,0,0
1000.0,CreateDefaultCloud,FAILED_PRECONDITION,0,0,0,0,0,0
1000.0,CreateDefaultCloud,INTERNAL,0,1,0.037129470262000384,18.49047619047619,1,99238.38571428572
1000.0,CreateDefaultCloud,OK,0,7,0.2599347898153015,129.44752532802013,7,694744.8684354841
1000.0,CreateFolder,OK,0,0,0,0,0,0
1000.0,DeleteCloud,CANCELLED,0,0,0,0,0,0
1000.0,DeleteCloud,OK,0,16,7.3444493367635655,3657.5357697082554,16,19629994.47602421
1000.0,DeleteFolder,CANCELLED,0,1,0.9438695960311836,470.0470588235294,1,2522742.564705882
1000.0,DeleteFolder,FAILED_PRECONDITION,0,0,0,0,0,0
1000.0,DeleteFolder,OK,0,0,0,0,0,0
1000.0,MoveCloud,FAILED_PRECONDITION,0,0,0,0,0,0
1000.0,MoveCloud,OK,0,0,0,0,0,0
1000.0,RemoveBlockPermissions,OK,0,3,0.11144106944208759,55.497652582159624,3,297855.9014084507
1000.0,SetCloudAccessBindings,FAILED_PRECONDITION,0,0,0,0,0,0
1000.0,SetCloudAccessBindings,OK,0,0,0,0,0,0
1000.0,SetCloudPermissionStages,OK,0,0,0,0,0,0
1000.0,SetFolderAccessBindings,FAILED_PRECONDITION,0,0,0,0,0,0
1000.0,SetFolderAccessBindings,OK,0,0,0,0,0,0
1000.0,UnblockClouds,OK,0,4,0.14857035798697182,73.98803827751196,4,397093.80143540667
1000.0,UpdateCloud,OK,0,0,0,0,0,0
1000.0,UpdateCloudAccessBindings,FAILED_PRECONDITION,0,0,0,0,0,0
1000.0,UpdateCloudAccessBindings,OK,0,3,0.11143164206120255,55.49295774647887,3,297830.70422535215
1000.0,UpdateCloudPermissionStages,OK,0,0,0,0,0,0
1000.0,UpdateFolder,OK,0,0,0,0,0,0
1000.0,UpdateFolderAccessBindings,FAILED_PRECONDITION,0,2,0.07427806463951042,36.99047619047619,2,198527.88571428572
1000.0,UpdateFolderAccessBindings,OK,0,2,0.07429247506457756,36.997652582159624,2,198566.4014084507
1000.0,UpdateFolderAccessBindings,RESOURCE_EXHAUSTED,0,0,0,0,0,0
1000.0,UpdateQuotaLimit,OK,0,0,0,0,0,0
1467.799,AddBlockPermissions,OK,0,0,0,0,0,0
1467.799,ApplyBlockPermissions,CANCELLED,0,80.77234636871509,43.723907348195745,21774.50585940148,80.77234636871509,116863772.94740771
1467.799,ApplyBlockPermissions,OK,0,0,0,0,0,0
1467.799,BlockClouds,OK,0,0,0,0,0,0
1467.799,CreateCloud,OK,0,0,0,0,0,0
1467.799,CreateDefaultCloud,FAILED_PRECONDITION,0,0,0,0,0,0
1467.799,CreateDefaultCloud,INTERNAL,0,0,0,0,0,0
1467.799,CreateDefaultCloud,OK,0,0,0,0,0,0
1467.799,CreateFolder,OK,0,0,0,0,0,0
1467.799,DeleteCloud,CANCELLED,0,1,0.9066543953592147,451.5138888888889,1,2423275.0416666665
1467.799,DeleteCloud,OK,0,9.719444444444445,6.379503164171831,3176.992575757572,9.719444444444445,17050919.15409086
1467.799,DeleteFolder,CANCELLED,0,2,1.5566209281570726,775.1972222222222,2,4160483.4916666667
1467.799,DeleteFolder,FAILED_PRECONDITION,0,22.00502512562814,11.713076950849672,5833.112321523136,22.00502512562814,31306313.829614785
1467.799,DeleteFolder,OK,0,4,3.924341811691209,1954.322222222222,4,10488847.366666667
1467.799,MoveCloud,FAILED_PRECONDITION,0,0,0,0,0,0
1467.799,MoveCloud,OK,0,0,0,0,0,0
1467.799,RemoveBlockPermissions,OK,0,0,0,0,0,0
1467.799,SetCloudAccessBindings,FAILED_PRECONDITION,0,0,0,0,0,0
1467.799,SetCloudAccessBindings,OK,0,0,0,0,0,0
1467.799,SetCloudPermissionStages,OK,0,0,0,0,0,0
1467.799,SetFolderAccessBindings,FAILED_PRECONDITION,0,0,0,0,0,0
1467.799,SetFolderAccessBindings,OK,0,0,0,0,0,0
1467.799,UnblockClouds,OK,0,0,0,0,0,0
1467.799,UpdateCloud,OK,0,0,0,0,0,0
1467.799,UpdateCloudAccessBindings,FAILED_PRECONDITION,0,0,0,0,0,0
1467.799,UpdateCloudAccessBindings,OK,0,1,0.037139211049806706,18.49532710280374,1,99264.42056074766
1467.799,UpdateCloudPermissionStages,OK,0,0,0,0,0,0
1467.799,UpdateFolder,OK,0,0,0,0,0,0
1467.799,UpdateFolderAccessBindings,FAILED_PRECONDITION,0,0,0,0,0,0
1467.799,UpdateFolderAccessBindings,OK,0,0,0,0,0,0
1467.799,UpdateFolderAccessBindings,RESOURCE_EXHAUSTED,0,0,0,0,0,0
1467.799,UpdateQuotaLimit,OK,0,0,0,0,0,0
2154.435,AddBlockPermissions,OK,0,0,0,0,0,0
2154.435,ApplyBlockPermissions,CANCELLED,0,116.12547845262704,63.73668085136139,31740.867063977974,116.12547845262704,170353233.53236908
2154.435,ApplyBlockPermissions,OK,0,0,0,0,0,0
2154.435,BlockClouds,OK,0,0,0,0,0,0
2154.435,CreateCloud,OK,0,0,0,0,0,0
2154.435,CreateDefaultCloud,FAILED_PRECONDITION,0,0,0,0,0,0
2154.435,CreateDefaultCloud,INTERNAL,0,0,0,0,0,0
2154.435,CreateDefaultCloud,OK,0,0,0,0,0,0
2154.435,CreateFolder,OK,0,0,0,0,0,0
2154.435,DeleteCloud,CANCELLED,0,0,0,0,0,0
2154.435,DeleteCloud,OK,0,2655.3369762876746,1426.255613400258,710275.2954733284,2655.3369762876746,3812047510.80535
2154.435,DeleteFolder,CANCELLED,0,0,0,0,0,0
2154.435,DeleteFolder,FAILED_PRECONDITION,0,25.990909090909092,12.770399877258418,6359.659138874692,25.990909090909092,34132290.59834092
2154.435,DeleteFolder,OK,0,180606.62578418147,107135.87693100804,53353666.711642005,180606.62578418147,286349129241.38245
2154.435,MoveCloud,FAILED_PRECONDITION,0,0,0,0,0,0
2154.435,MoveCloud,OK,0,0,0,0,0,0
2154.435,RemoveBlockPermissions,OK,0,0,0,0,0,0
2154.435,SetCloudAccessBindings,FAILED_PRECONDITION,0,0,0,0,0,0
2154.435,SetCloudAccessBindings,OK,0,0,0,0,0,0
2154.435,SetCloudPermissionStages,OK,0,0,0,0,0,0
2154.435,SetFolderAccessBindings,FAILED_PRECONDITION,0,0,0,0,0,0
2154.435,SetFolderAccessBindings,OK,0,0,0,0,0,0
2154.435,UnblockClouds,OK,0,0,0,0,0,0
2154.435,UpdateCloud,OK,0,0,0,0,0,0
2154.435,UpdateCloudAccessBindings,FAILED_PRECONDITION,0,0,0,0,0,0
2154.435,UpdateCloudAccessBindings,OK,0,0,0,0,0,0
2154.435,UpdateCloudPermissionStages,OK,0,0,0,0,0,0
2154.435,UpdateFolder,OK,0,0,0,0,0,0
2154.435,UpdateFolderAccessBindings,FAILED_PRECONDITION,0,0,0,0,0,0
2154.435,UpdateFolderAccessBindings,OK,0,0,0,0,0,0
2154.435,UpdateFolderAccessBindings,RESOURCE_EXHAUSTED,0,0,0,0,0,0
2154.435,UpdateQuotaLimit,OK,0,0,0,0,0,0
3162.278,AddBlockPermissions,OK,0,0,0,0,0,0
3162.278,ApplyBlockPermissions,CANCELLED,0,105.45,59.02156977256238,29392.741746736065,105.45,157750844.95473272
3162.278,ApplyBlockPermissions,OK,0,0,0,0,0,0
3162.278,BlockClouds,OK,0,0,0,0,0,0
3162.278,CreateCloud,OK,0,0,0,0,0,0
3162.278,CreateDefaultCloud,FAILED_PRECONDITION,0,0,0,0,0,0
3162.278,CreateDefaultCloud,INTERNAL,0,0,0,0,0,0
3162.278,CreateDefaultCloud,OK,0,0,0,0,0,0
3162.278,CreateFolder,OK,0,0,0,0,0,0
3162.278,DeleteCloud,CANCELLED,0,0,0,0,0,0
3162.278,DeleteCloud,OK,0,3292.9818918242636,1618.7253387045855,806125.2186748836,3292.9818918242636,4326474048.628105
3162.278,DeleteFolder,CANCELLED,0,0,0,0,0,0
3162.278,DeleteFolder,FAILED_PRECONDITION,0,4,0.13611697557402477,67.78625383586434,4,363808.82433708396
3162.278,DeleteFolder,OK,0,112443.07417493676,39629.315598222,19735399.167914554,112443.07417493676,105919887334.19734
3162.278,MoveCloud,FAILED_PRECONDITION,0,0,0,0,0,0
3162.278,MoveCloud,OK,0,0,0,0,0,0
3162.278,RemoveBlockPermissions,OK,0,0,0,0,0,0
3162.278,SetCloudAccessBindings,FAILED_PRECONDITION,0,0,0,0,0,0
3162.278,SetCloudAccessBindings,OK,0,0,0,0,0,0
3162.278,SetCloudPermissionStages,OK,0,0,0,0,0,0
3162.278,SetFolderAccessBindings,FAILED_PRECONDITION,0,0,0,0,0,0
3162.278,SetFolderAccessBindings,OK,0,0,0,0,0,0
3162.278,UnblockClouds,OK,0,0,0,0,0,0
3162.278,UpdateCloud,OK,0,0,0,0,0,0
3162.278,UpdateCloudAccessBindings,FAILED_PRECONDITION,0,0,0,0,0,0
3162.278,UpdateCloudAccessBindings,OK,0,0,0,0,0,0
3162.278,UpdateCloudPermissionStages,OK,0,0,0,0,0,0
3162.278,UpdateFolder,OK,0,0,0,0,0,0
3162.278,UpdateFolderAccessBindings,FAILED_PRECONDITION,0,0,0,0,0,0
3162.278,UpdateFolderAccessBindings,OK,0,0,0,0,0,0
3162.278,UpdateFolderAccessBindings,RESOURCE_EXHAUSTED,0,0,0,0,0,0
3162.278,UpdateQuotaLimit,OK,0,0,0,0,0,0
4641.589,AddBlockPermissions,OK,0,0,0,0,0,0
4641.589,ApplyBlockPermissions,CANCELLED,0,98.2731351601701,54.42657917110079,27104.436427208195,98.2731351601701,145469510.3048272
4641.589,ApplyBlockPermissions,OK,0,0,0,0,0,0
4641.589,BlockClouds,OK,0,0,0,0,0,0
4641.589,CreateCloud,OK,0,0,0,0,0,0
4641.589,CreateDefaultCloud,FAILED_PRECONDITION,0,0,0,0,0,0
4641.589,CreateDefaultCloud,INTERNAL,0,0,0,0,0,0
4641.589,CreateDefaultCloud,OK,0,0,0,0,0,0
4641.589,CreateFolder,OK,0,0,0,0,0,0
4641.589,DeleteCloud,CANCELLED,0,0,0,0,0,0
4641.589,DeleteCloud,OK,0,584.274906998089,313.858384080058,156301.47527186887,584.274906998089,838870017.7841221
4641.589,DeleteFolder,CANCELLED,0,0,0,0,0,0
4641.589,DeleteFolder,FAILED_PRECONDITION,0,1,0.03815261044176707,19,1,101973
4641.589,DeleteFolder,OK,0,1853.6722222222222,1135.6524568941068,565554.9235332651,1853.6722222222222,3035333274.6030397
4641.589,MoveCloud,FAILED_PRECONDITION,0,0,0,0,0,0
4641.589,MoveCloud,OK,0,0,0,0,0,0
4641.589,RemoveBlockPermissions,OK,0,0,0,0,0,0
4641.589,SetCloudAccessBindings,FAILED_PRECONDITION,0,0,0,0,0,0
4641.589,SetCloudAccessBindings,OK,0,0,0,0,0,0
4641.589,SetCloudPermissionStages,OK,0,0,0,0,0,0
4641.589,SetFolderAccessBindings,FAILED_PRECONDITION,0,0,0,0,0,0
4641.589,SetFolderAccessBindings,OK,0,0,0,0,0,0
4641.589,UnblockClouds,OK,0,0,0,0,0,0
4641.589,UpdateCloud,OK,0,0,0,0,0,0
4641.589,UpdateCloudAccessBindings,FAILED_PRECONDITION,0,0,0,0,0,0
4641.589,UpdateCloudAccessBindings,OK,0,0,0,0,0,0
4641.589,UpdateCloudPermissionStages,OK,0,0,0,0,0,0
4641.589,UpdateFolder,OK,0,0,0,0,0,0
4641.589,UpdateFolderAccessBindings,FAILED_PRECONDITION,0,0,0,0,0,0
4641.589,UpdateFolderAccessBindings,OK,0,0,0,0,0,0
4641.589,UpdateFolderAccessBindings,RESOURCE_EXHAUSTED,0,0,0,0,0,0
4641.589,UpdateQuotaLimit,OK,0,0,0,0,0,0
6812.921,AddBlockPermissions,OK,0,0,0,0,0,0
6812.921,ApplyBlockPermissions,CANCELLED,0,118.76536312849161,64.76140376046021,32251.179072709187,118.76536312849161,173092078.0832304
6812.921,ApplyBlockPermissions,OK,0,0,0,0,0,0
6812.921,BlockClouds,OK,0,0,0,0,0,0
6812.921,CreateCloud,OK,0,0,0,0,0,0
6812.921,CreateDefaultCloud,FAILED_PRECONDITION,0,0,0,0,0,0
6812.921,CreateDefaultCloud,INTERNAL,0,0,0,0,0,0
6812.921,CreateDefaultCloud,OK,0,0,0,0,0,0
6812.921,CreateFolder,OK,0,0,0,0,0,0
6812.921,DeleteCloud,CANCELLED,0,0,0,0,0,0
6812.921,DeleteCloud,OK,0,747.8472222222222,431.7999342824142,215036.36727264227,747.8472222222222,1154100183.1522691
6812.921,DeleteFolder,CANCELLED,0,0,0,0,0,0
6812.921,DeleteFolder,FAILED_PRECONDITION,0,0,0,0,0,0
6812.921,DeleteFolder,OK,0,1022.0000000000001,659.6226619167182,328492.0856345257,1022.0000000000001,1763017023.6004996
6812.921,MoveCloud,FAILED_PRECONDITION,0,0,0,0,0,0
6812.921,MoveCloud,OK,0,0,0,0,0,0
6812.921,RemoveBlockPermissions,OK,0,0,0,0,0,0
6812.921,SetCloudAccessBindings,FAILED_PRECONDITION,0,0,0,0,0,0
6812.921,SetCloudAccessBindings,OK,0,0,0,0,0,0
6812.921,SetCloudPermissionStages,OK,0,0,0,0,0,0
6812.921,SetFolderAccessBindings,FAILED_PRECONDITION,0,0,0,0,0,0
6812.921,SetFolderAccessBindings,OK,0,0,0,0,0,0
6812.921,UnblockClouds,OK,0,0,0,0,0,0
6812.921,UpdateCloud,OK,0,0,0,0,0,0
6812.921,UpdateCloudAccessBindings,FAILED_PRECONDITION,0,0,0,0,0,0
6812.921,UpdateCloudAccessBindings,OK,0,0,0,0,0,0
6812.921,UpdateCloudPermissionStages,OK,0,0,0,0,0,0
6812.921,UpdateFolder,OK,0,0,0,0,0,0
6812.921,UpdateFolderAccessBindings,FAILED_PRECONDITION,0,0,0,0,0,0
6812.921,UpdateFolderAccessBindings,OK,0,0,0,0,0,0
6812.921,UpdateFolderAccessBindings,RESOURCE_EXHAUSTED,0,0,0,0,0,0
6812.921,UpdateQuotaLimit,OK,0,0,0,0,0,0
10000.0,AddBlockPermissions,OK,0,0,0,0,0,0
10000.0,ApplyBlockPermissions,CANCELLED,0,267.2951201201201,151.81381857082224,75603.28164826948,267.2951201201201,405762812.60626143
10000.0,ApplyBlockPermissions,OK,0,0,0,0,0,0
10000.0,BlockClouds,OK,0,0,0,0,0,0
10000.0,CreateCloud,OK,0,0,0,0,0,0
10000.0,CreateDefaultCloud,FAILED_PRECONDITION,0,0,0,0,0,0
10000.0,CreateDefaultCloud,INTERNAL,0,0,0,0,0,0
10000.0,CreateDefaultCloud,OK,0,0,0,0,0,0
10000.0,CreateFolder,OK,0,0,0,0,0,0
10000.0,DeleteCloud,CANCELLED,0,0,0,0,0,0
10000.0,DeleteCloud,OK,0,365,216.20768006667194,107671.42467320262,365,577872536.2210784
10000.0,DeleteFolder,CANCELLED,0,0,0,0,0,0
10000.0,DeleteFolder,FAILED_PRECONDITION,0,0,0,0,0,0
10000.0,DeleteFolder,OK,0,1062,683.501578226588,340383.7859568408,1062,1826839779.2303648
10000.0,MoveCloud,FAILED_PRECONDITION,0,0,0,0,0,0
10000.0,MoveCloud,OK,0,0,0,0,0,0
10000.0,RemoveBlockPermissions,OK,0,0,0,0,0,0
10000.0,SetCloudAccessBindings,FAILED_PRECONDITION,0,0,0,0,0,0
10000.0,SetCloudAccessBindings,OK,0,0,0,0,0,0
10000.0,SetCloudPermissionStages,OK,0,0,0,0,0,0
10000.0,SetFolderAccessBindings,FAILED_PRECONDITION,0,0,0,0,0,0
10000.0,SetFolderAccessBindings,OK,0,0,0,0,0,0
10000.0,UnblockClouds,OK,0,0,0,0,0,0
10000.0,UpdateCloud,OK,0,0,0,0,0,0
10000.0,UpdateCloudAccessBindings,FAILED_PRECONDITION,0,0,0,0,0,0
10000.0,UpdateCloudAccessBindings,OK,0,0,0,0,0,0
10000.0,UpdateCloudPermissionStages,OK,0,0,0,0,0,0
10000.0,UpdateFolder,OK,0,0,0,0,0,0
10000.0,UpdateFolderAccessBindings,FAILED_PRECONDITION,0,0,0,0,0,0
10000.0,UpdateFolderAccessBindings,OK,0,0,0,0,0,0
10000.0,UpdateFolderAccessBindings,RESOURCE_EXHAUSTED,0,0,0,0,0,0
10000.0,UpdateQuotaLimit,OK,0,0,0,0,0,0
inf,AddBlockPermissions,OK,0,0,0,0,0,0
inf,ApplyBlockPermissions,CANCELLED,0,2395.4306083603624,1277.7371061546116,636313.0788649966,2395.4306083603624,3415092294.2684336
inf,ApplyBlockPermissions,OK,0,4525.987355050278,2609.005770038183,1299284.8734790152,4525.987355050278,6973261915.961875
inf,BlockClouds,OK,0,0,0,0,0,0
inf,CreateCloud,OK,0,0,0,0,0,0
inf,CreateDefaultCloud,FAILED_PRECONDITION,0,0,0,0,0,0
inf,CreateDefaultCloud,INTERNAL,0,0,0,0,0,0
inf,CreateDefaultCloud,OK,0,0,0,0,0,0
inf,CreateFolder,OK,0,0,0,0,0,0
inf,DeleteCloud,CANCELLED,0,2,0.453281156905711,225.7340161390441,2,1211514.4646182498
inf,DeleteCloud,OK,0,103.19125862635565,56.254587509283944,28014.784579623403,103.19125862635565,150355348.83883825
inf,DeleteFolder,CANCELLED,0,1,0.5303993752788934,264.1388888888889,1,1417633.4166666667
inf,DeleteFolder,FAILED_PRECONDITION,0,1,0.9881358768406961,492.0916666666667,1,2641055.975
inf,DeleteFolder,OK,0,151.42446773120403,109.15103185888597,54357.213865725214,151.42446773120403,291735166.8173462
inf,MoveCloud,FAILED_PRECONDITION,0,0,0,0,0,0
inf,MoveCloud,OK,0,0,0,0,0,0
inf,RemoveBlockPermissions,OK,0,0,0,0,0,0
inf,SetCloudAccessBindings,FAILED_PRECONDITION,0,0,0,0,0,0
inf,SetCloudAccessBindings,OK,0,0,0,0,0,0
inf,SetCloudPermissionStages,OK,0,0,0,0,0,0
inf,SetFolderAccessBindings,FAILED_PRECONDITION,0,0,0,0,0,0
inf,SetFolderAccessBindings,OK,0,0,0,0,0,0
inf,UnblockClouds,OK,0,0,0,0,0,0
inf,UpdateCloud,OK,0,0,0,0,0,0
inf,UpdateCloudAccessBindings,FAILED_PRECONDITION,0,0,0,0,0,0
inf,UpdateCloudAccessBindings,OK,0,0,0,0,0,0
inf,UpdateCloudPermissionStages,OK,0,0,0,0,0,0
inf,UpdateFolder,OK,0,0,0,0,0,0
inf,UpdateFolderAccessBindings,FAILED_PRECONDITION,0,0,0,0,0,0
inf,UpdateFolderAccessBindings,OK,0,0,0,0,0,0
inf,UpdateFolderAccessBindings,RESOURCE_EXHAUSTED,0,0,0,0,0,0
inf,UpdateQuotaLimit,OK,0,0,0,0,0,0