le,method,min,max,avg,sum,last,integral
inf,maintenance.v1.MaintenanceService/ExecuteCommand,0,0,0,0,0,0
inf,iam.v1.awscompatibility.TemporaryAccessKeyService/Create,0,0,0,0,0,0
inf,iam.v1.awscompatibility.PresignUrlService/Create,0,0,0,0,0,0
inf,iam.v1.RefreshTokenIssueService/CreateForSubject,0,0,0,0,0,0
inf,iam.v1.IamTokenService/Revoke,0,0,0,0,0,0
inf,iam.v1.IamTokenService/Exchange,0,0,0,0,0,0
inf,iam.v1.IamTokenService/CreateForSubject,0,0,0,0,0,0
inf,iam.v1.IamTokenService/CreateForServiceAccount,0,0,0,0,0,0
inf,iam.v1.IamTokenService/CreateForService,0,0,0,0,0,0
inf,iam.v1.IamTokenService/CreateForComputeInstance,0,0,0,0,0,0
inf,iam.v1.IamTokenService/CreateForAccessKey,0,0,0,0,0,0
inf,iam.v1.IamTokenService/Create,0,0,0,0,0,0
inf,iam.v1.IamCredentialService/Revoke,0,0,0,0,0,0
inf,iam.v1.IamCookieService/Revoke,0,0,0,0,0,0
inf,iam.v1.IamCookieService/CreateForSubject,0,0,0,0,0,0
inf,iam.v1.AbstractTokenService/Issue,0,0,0,0,0,0
100.0,maintenance.v1.MaintenanceService/ExecuteCommand,0,0,0,0,0,0
100.0,iam.v1.awscompatibility.TemporaryAccessKeyService/Create,0,0,0,0,0,0
100.0,iam.v1.awscompatibility.PresignUrlService/Create,0,0,0,0,0,0
100.0,iam.v1.RefreshTokenIssueService/CreateForSubject,0,0,0,0,0,0
100.0,iam.v1.IamTokenService/Revoke,0,0,0,0,0,0
100.0,iam.v1.IamTokenService/Exchange,0,0,0,0,0,0
100.0,iam.v1.IamTokenService/CreateForSubject,0,0,0,0,0,0
100.0,iam.v1.IamTokenService/CreateForServiceAccount,0,0,0,0,0,0
100.0,iam.v1.IamTokenService/CreateForService,0,0,0,0,0,0
100.0,iam.v1.IamTokenService/CreateForComputeInstance,0,0,0,0,0,0
100.0,iam.v1.IamTokenService/CreateForAccessKey,0,0,0,0,0,0
100.0,iam.v1.IamTokenService/Create,0,0,0,0,0,0
100.0,iam.v1.IamCredentialService/Revoke,0,0,0,0,0,0
100.0,iam.v1.IamCookieService/Revoke,0,0,0,0,0,0
100.0,iam.v1.IamCookieService/CreateForSubject,0,0,0,0,0,0
100.0,iam.v1.AbstractTokenService/Issue,0,0,0,0,0,0
75.0,maintenance.v1.MaintenanceService/ExecuteCommand,0,0,0,0,0,0
75.0,iam.v1.awscompatibility.TemporaryAccessKeyService/Create,0,0,0,0,0,0
75.0,iam.v1.awscompatibility.PresignUrlService/Create,0,0,0,0,0,0
75.0,iam.v1.RefreshTokenIssueService/CreateForSubject,0,0,0,0,0,0
75.0,iam.v1.IamTokenService/Revoke,0,0,0,0,0,0
75.0,iam.v1.IamTokenService/Exchange,0,0,0,0,0,0
75.0,iam.v1.IamTokenService/CreateForSubject,0,0,0,0,0,0
75.0,iam.v1.IamTokenService/CreateForServiceAccount,0,0,0,0,0,0
75.0,iam.v1.IamTokenService/CreateForService,0,0,0,0,0,0
75.0,iam.v1.IamTokenService/CreateForComputeInstance,0,0,0,0,0,0
75.0,iam.v1.IamTokenService/CreateForAccessKey,0,0,0,0,0,0
75.0,iam.v1.IamTokenService/Create,0,0,0,0,0,0
75.0,iam.v1.IamCredentialService/Revoke,0,0,0,0,0,0
75.0,iam.v1.IamCookieService/Revoke,0,0,0,0,0,0
75.0,iam.v1.IamCookieService/CreateForSubject,0,0,0,0,0,0
75.0,iam.v1.AbstractTokenService/Issue,0,0,0,0,0,0
50.0,maintenance.v1.MaintenanceService/ExecuteCommand,0,0,0,0,0,0
50.0,iam.v1.awscompatibility.TemporaryAccessKeyService/Create,0,0,0,0,0,0
50.0,iam.v1.awscompatibility.PresignUrlService/Create,0,0,0,0,0,0
50.0,iam.v1.RefreshTokenIssueService/CreateForSubject,0,0,0,0,0,0
50.0,iam.v1.IamTokenService/Revoke,0,0,0,0,0,0
50.0,iam.v1.IamTokenService/Exchange,0,0,0,0,0,0
50.0,iam.v1.IamTokenService/CreateForSubject,0,0,0,0,0,0
50.0,iam.v1.IamTokenService/CreateForServiceAccount,0,0,0,0,0,0
50.0,iam.v1.IamTokenService/CreateForService,0,0,0,0,0,0
50.0,iam.v1.IamTokenService/CreateForComputeInstance,0,0,0,0,0,0
50.0,iam.v1.IamTokenService/CreateForAccessKey,0,0,0,0,0,0
50.0,iam.v1.IamTokenService/Create,0,0,0,0,0,0
50.0,iam.v1.IamCredentialService/Revoke,0,0,0,0,0,0
50.0,iam.v1.IamCookieService/Revoke,0,0,0,0,0,0
50.0,iam.v1.IamCookieService/CreateForSubject,0,0,0,0,0,0
50.0,iam.v1.AbstractTokenService/Issue,0,0,0,0,0,0
25.0,maintenance.v1.MaintenanceService/ExecuteCommand,0,0,0,0,0,0
25.0,iam.v1.awscompatibility.TemporaryAccessKeyService/Create,0,0,0,0,0,0
25.0,iam.v1.awscompatibility.PresignUrlService/Create,0,0,0,0,0,0
25.0,iam.v1.RefreshTokenIssueService/CreateForSubject,0,0,0,0,0,0
25.0,iam.v1.IamTokenService/Revoke,0,0,0,0,0,0
25.0,iam.v1.IamTokenService/Exchange,0,0,0,0,0,0
25.0,iam.v1.IamTokenService/CreateForSubject,0,0,0,0,0,0
25.0,iam.v1.IamTokenService/CreateForServiceAccount,0,0,0,0,0,0
25.0,iam.v1.IamTokenService/CreateForService,0,0,0,0,0,0
25.0,iam.v1.IamTokenService/CreateForComputeInstance,0,0,0,0,0,0
25.0,iam.v1.IamTokenService/CreateForAccessKey,0,0,0,0,0,0
25.0,iam.v1.IamCredentialService/Revoke,0,0,0,0,0,0
25.0,iam.v1.IamCookieService/Revoke,0,0,0,0,0,0
25.0,iam.v1.IamCookieService/CreateForSubject,0,0,0,0,0,0
25.0,iam.v1.AbstractTokenService/Issue,0,0,0,0,0,0
10.0,maintenance.v1.MaintenanceService/ExecuteCommand,0,0,0,0,0,0
10.0,iam.v1.awscompatibility.TemporaryAccessKeyService/Create,0,0,0,0,0,0
10.0,iam.v1.awscompatibility.PresignUrlService/Create,0,0,0,0,0,0
10.0,iam.v1.RefreshTokenIssueService/CreateForSubject,0,0,0,0,0,0
10.0,iam.v1.IamTokenService/Revoke,0,0,0,0,0,0
10.0,iam.v1.IamTokenService/Exchange,0,0,0,0,0,0
10.0,iam.v1.IamTokenService/CreateForSubject,0,0,0,0,0,0
10.0,iam.v1.IamTokenService/CreateForServiceAccount,0,0,0,0,0,0
10.0,iam.v1.IamTokenService/CreateForService,0,0,0,0,0,0
10.0,iam.v1.IamTokenService/CreateForComputeInstance,0,0,0,0,0,0
10.0,iam.v1.IamTokenService/CreateForAccessKey,0,0,0,0,0,0
10.0,iam.v1.IamCredentialService/Revoke,0,0,0,0,0,0
10.0,iam.v1.IamCookieService/Revoke,0,0,0,0,0,0
10.0,iam.v1.IamCookieService/CreateForSubject,0,0,0,0,0,0
10.0,iam.v1.AbstractTokenService/Issue,0,0,0,0,0,0
7.5,maintenance.v1.MaintenanceService/ExecuteCommand,0,0,0,0,0,0
7.5,iam.v1.awscompatibility.TemporaryAccessKeyService/Create,0,0,0,0,0,0
7.5,iam.v1.awscompatibility.PresignUrlService/Create,0,0,0,0,0,0
7.5,iam.v1.RefreshTokenIssueService/CreateForSubject,0,0,0,0,0,0
7.5,iam.v1.IamTokenService/Revoke,0,0,0,0,0,0
7.5,iam.v1.IamTokenService/Exchange,0,0,0,0,0,0
7.5,iam.v1.IamTokenService/CreateForSubject,0,0,0,0,0,0
7.5,iam.v1.IamTokenService/CreateForService,0,0,0,0,0,0
7.5,iam.v1.IamTokenService/CreateForComputeInstance,0,0,0,0,0,0
7.5,iam.v1.IamTokenService/CreateForAccessKey,0,0,0,0,0,0
7.5,iam.v1.IamCredentialService/Revoke,0,0,0,0,0,0
7.5,iam.v1.IamCookieService/Revoke,0,0,0,0,0,0
7.5,iam.v1.IamCookieService/CreateForSubject,0,0,0,0,0,0
7.5,iam.v1.AbstractTokenService/Issue,0,0,0,0,0,0
5.0,maintenance.v1.MaintenanceService/ExecuteCommand,0,0,0,0,0,0
5.0,iam.v1.awscompatibility.PresignUrlService/Create,0,0,0,0,0,0
5.0,iam.v1.RefreshTokenIssueService/CreateForSubject,0,0,0,0,0,0
5.0,iam.v1.IamTokenService/Revoke,0,0,0,0,0,0
5.0,iam.v1.IamTokenService/Exchange,0,0,0,0,0,0
5.0,iam.v1.IamTokenService/CreateForAccessKey,0,0,0,0,0,0
5.0,iam.v1.IamCredentialService/Revoke,0,0,0,0,0,0
5.0,iam.v1.IamCookieService/Revoke,0,0,0,0,0,0
5.0,iam.v1.AbstractTokenService/Issue,0,0,0,0,0,0
2.5,maintenance.v1.MaintenanceService/ExecuteCommand,0,0,0,0,0,0
2.5,iam.v1.awscompatibility.PresignUrlService/Create,0,0,0,0,0,0
2.5,iam.v1.RefreshTokenIssueService/CreateForSubject,0,0,0,0,0,0
2.5,iam.v1.IamTokenService/Exchange,0,0,0,0,0,0
2.5,iam.v1.AbstractTokenService/Issue,0,0,0,0,0,0
1.0,maintenance.v1.MaintenanceService/ExecuteCommand,0,0,0,0,0,0
1.0,iam.v1.awscompatibility.PresignUrlService/Create,0,0,0,0,0,0
1.0,iam.v1.RefreshTokenIssueService/CreateForSubject,0,0,0,0,0,0
1.0,iam.v1.AbstractTokenService/Issue,0,0,0,0,0,0
0.75,maintenance.v1.MaintenanceService/ExecuteCommand,0,0,0,0,0,0
0.75,iam.v1.awscompatibility.PresignUrlService/Create,0,0,0,0,0,0
0.75,iam.v1.RefreshTokenIssueService/CreateForSubject,0,0,0,0,0,0
0.75,iam.v1.AbstractTokenService/Issue,0,0,0,0,0,0
0.5,maintenance.v1.MaintenanceService/ExecuteCommand,0,0,0,0,0,0
0.5,iam.v1.RefreshTokenIssueService/CreateForSubject,0,0,0,0,0,0
0.5,iam.v1.AbstractTokenService/Issue,0,0,0,0,0,0
0.25,maintenance.v1.MaintenanceService/ExecuteCommand,0,0,0,0,0,0
0.25,iam.v1.RefreshTokenIssueService/CreateForSubject,0,0,0,0,0,0
0.1,maintenance.v1.MaintenanceService/ExecuteCommand,0,0,0,0,0,0
0.1,iam.v1.RefreshTokenIssueService/CreateForSubject,0,0,0,0,0,0
0.1,iam.v1.AbstractTokenService/Issue,0,0,0,0,0,0
0.075,maintenance.v1.MaintenanceService/ExecuteCommand,0,0,0,0,0,0
0.05,maintenance.v1.MaintenanceService/ExecuteCommand,0,0,0,0,0,0
0.025,maintenance.v1.MaintenanceService/ExecuteCommand,0,0,0,0,0,0
0.025,iam.v1.IamCredentialService/Revoke,0,0,0,0,0,0
0.01,maintenance.v1.MaintenanceService/ExecuteCommand,0,0,0,0,0,0
0.01,iam.v1.IamCredentialService/Revoke,0,0,0,0,0,0
0.0075,maintenance.v1.MaintenanceService/ExecuteCommand,0,0,0,0,0,0
0.0075,iam.v1.IamCredentialService/Revoke,0,0,0,0,0,0
0.005,maintenance.v1.MaintenanceService/ExecuteCommand,0,0,0,0,0,0
0.005,iam.v1.IamCredentialService/Revoke,0,0,0,0,0,0
0.0025,maintenance.v1.MaintenanceService/ExecuteCommand,0,0,0,0,0,0
0.0025,iam.v1.IamCredentialService/Revoke,0,0,0,0,0,0
0.001,maintenance.v1.MaintenanceService/ExecuteCommand,0,0,0,0,0,0
0.001,iam.v1.RefreshTokenIssueService/CreateForSubject,0,0,0,0,0,0
0.001,iam.v1.IamTokenService/Revoke,0,0,0,0,0,0
0.001,iam.v1.IamCredentialService/Revoke,0,0,0,0,0,0
0.001,iam.v1.AbstractTokenService/Issue,0,0,0,0,0,0
0.075,iam.v1.AbstractTokenService/Issue,0,0.0007945238968341279,0.0000016567921852426206,0.0008250825082508251,0,1
0.075,iam.v1.RefreshTokenIssueService/CreateForSubject,0,0.0006621032473617732,0.0000016567921852426206,0.0008250825082508251,0,1
1.0,iam.v1.IamTokenService/Exchange,0,0.0005878712871287129,0.0000016567921852426206,0.0008250825082508251,0,1
5.0,iam.v1.IamTokenService/CreateForSubject,0,0.0004991239864727214,0.0000016567921852426206,0.0008250825082508251,0,1
5.0,iam.v1.awscompatibility.TemporaryAccessKeyService/Create,0,0.0004583791712504584,0.0000016567921852426206,0.0008250825082508251,0,1
0.05,iam.v1.RefreshTokenIssueService/CreateForSubject,0,0.0006291254125412543,0.0000033135843704852412,0.0016501650165016502,0,2
0.25,iam.v1.AbstractTokenService/Issue,0,0.0006824756549729048,0.000003326945597785585,0.0016501650165016502,0.0004641089108910891,2
2.5,iam.v1.IamCredentialService/Revoke,0,0.0005907998207228131,0.000003313584370485241,0.00165016501650165,0,2
5.0,iam.v1.IamCookieService/CreateForSubject,0,0.0009982479729454428,0.0000033135843704852412,0.0016501650165016502,0,2
0.01,iam.v1.IamTokenService/Revoke,0,0.0007941419141914194,0.000004990418396678378,0.0024752475247524753,0,3
0.01,iam.v1.RefreshTokenIssueService/CreateForSubject,0,0.0006315446359450774,0.000004990418396678377,0.002475247524752475,0,3
1.0,iam.v1.IamCredentialService/Revoke,0,0.0007322607260726073,0.000004970376555727862,0.0024752475247524753,0,3
7.5,iam.v1.IamTokenService/CreateForServiceAccount,0,0.0014056961251680726,0.000006825168946644248,0.0033716334596422585,0,4.0864197530864175
0.5,iam.v1.awscompatibility.PresignUrlService/Create,0,0.0007838283828382833,0.000008317363994463963,0.004125412541254126,0,4.679012345679013
0.025,iam.v1.IamTokenService/Revoke,0,0.0006722894511673581,0.000008317363994463961,0.004125412541254125,0,5
0.1,iam.v1.IamTokenService/Exchange,0,0.0008250825082508251,0.000008317363994463961,0.004125412541254125,0,5
2.5,iam.v1.IamCookieService/Revoke,0,0.0019557511306686226,0.000008317363994463961,0.004125412541254125,0,5
5.0,iam.v1.IamTokenService/CreateForService,0,0.0023824257425742565,0.000008283960926213102,0.004125412541254125,0,5
0.75,iam.v1.IamTokenService/Exchange,0,0.0032392128101699055,0.000009940753111455724,0.0049504950495049506,0,6
2.5,iam.v1.IamTokenService/Revoke,0,0.0019286303630363037,0.000009980836793356754,0.00495049504950495,0,6
0.05,iam.v1.AbstractTokenService/Issue,0,0.0008148963044452593,0.000011597545296698345,0.005775577557755776,0.00043316831683168344,7
0.1,iam.v1.awscompatibility.PresignUrlService/Create,0,0.0011306686224177972,0.000011644309592249547,0.005775577557755775,0,7
0.5,iam.v1.IamTokenService/Exchange,0,0.0016705374241127817,0.000011597545296698343,0.005775577557755775,0,7
1.0,iam.v1.IamTokenService/CreateForAccessKey,0,0.000794523896834127,0.000011644309592249549,0.005775577557755776,0,7
1.0,iam.v1.IamTokenService/Revoke,0,0.0007435928778062991,0.000011644309592249549,0.005775577557755776,0,7
0.025,iam.v1.RefreshTokenIssueService/CreateForSubject,0,0.0007639652854174318,0.000011887320336475112,0.005907998207228131,0,7.160493827160494
25.0,iam.v1.IamTokenService/Create,0,0.0015676567656765724,0.00001286241621069403,0.006315446359450768,0,7.65432098765433
1.0,iam.v1.awscompatibility.TemporaryAccessKeyService/Create,0,0.0011812176588029178,0.000013254337481940967,0.006600660066006602,0,8
0.01,iam.v1.AbstractTokenService/Issue,0,0.0007537790816118653,0.00001497125519003513,0.0074257425742574245,0,9
1.0,iam.v1.IamCookieService/CreateForSubject,0,0.0014362547365847694,0.000014971255190035132,0.007425742574257425,0,9
10.0,iam.v1.IamTokenService/Create,0,0.002108544187752098,0.000016169563358021996,0.007955425172146821,0,9.641975308641946
0.001,iam.v1.IamCookieService/Revoke,0,0.0007843376930285648,0.000016567921852426204,0.00825082508250825,0,10
0.075,iam.v1.awscompatibility.PresignUrlService/Create,0,0.0017712535142403124,0.000016634727988927926,0.008250825082508252,0,10
0.0075,iam.v1.RefreshTokenIssueService/CreateForSubject,0,0.0007639652854174318,0.000023288619184499095,0.01155115511551155,0,14
2.5,iam.v1.IamCookieService/CreateForSubject,0,0.0024956199323636053,0.00002319509059339669,0.011551155115511552,0,14
0.75,iam.v1.IamCookieService/CreateForSubject,0,0.001186056105610561,0.000024952091983391885,0.012376237623762375,0,15
0.0075,iam.v1.AbstractTokenService/Issue,0,0.0008147689768976903,0.000028279037581177477,0.014026402640264028,0,17
1.0,iam.v1.IamCookieService/Revoke,0,0.002671204620462047,0.00002994251038007027,0.014851485148514854,0,18
1.0,iam.v1.IamTokenService/CreateForService,0,0.0009575031577231796,0.00002994251038007027,0.014851485148514854,0,18
0.75,iam.v1.IamCredentialService/Revoke,0,0.0025680693069306936,0.000031605983178963054,0.015676567656765675,0,19
0.075,iam.v1.IamTokenService/Exchange,0,0.0009982479729454398,0.00003300247886198417,0.016369229515544148,0,19.839506172839506
0.025,iam.v1.AbstractTokenService/Issue,0,0.0012891914191419142,0.00003493292877674864,0.017326732673267328,0,21
0.25,iam.v1.awscompatibility.PresignUrlService/Create,0,0.0013337560607912646,0.00003825987437453423,0.018976897689768978,0.0007735148514851486,22.617283950617285
0.75,iam.v1.awscompatibility.TemporaryAccessKeyService/Create,0,0.0014973719594181655,0.00003825987437453424,0.01897689768976898,0,23
2.5,iam.v1.awscompatibility.TemporaryAccessKeyService/Create,0,0.00160942020127939,0.000041419804631065516,0.020627062706270627,0,25
0.05,iam.v1.awscompatibility.PresignUrlService/Create,0,0.0012066831683168306,0.000043250292771212615,0.02145214521452146,0,26
0.05,iam.v1.IamTokenService/Exchange,0,0.001792771869779567,0.00005156765676567658,0.025577557755775585,0,31
0.75,iam.v1.IamTokenService/CreateForAccessKey,0,0.0013547651061402548,0.00005655807516235493,0.028052805280528045,0,34
5.0,iam.v1.IamTokenService/CreateForComputeInstance,0,0.004807888196227027,0.00006295810303921959,0.03135313531353136,0,38
2.5,iam.v1.IamTokenService/CreateForAccessKey,0,0.0036161023509758434,0.00006487543915681889,0.03217821782178217,0,39
0.25,iam.v1.IamTokenService/Exchange,0,0.0024446889133357768,0.00006653891195571168,0.03300330033003299,0,40
0.75,iam.v1.IamTokenService/Revoke,0,0.0032900165016501656,0.00006653891195571169,0.033003300330033,0,40
0.0075,iam.v1.IamTokenService/Revoke,0,0.0020746750600986004,0.0000686131187790225,0.034032106914395156,0,40.76543209876543
0.75,iam.v1.IamTokenService/CreateForService,0,0.0014362547365847753,0.00007818322154796124,0.038778877887788776,0,47
7.5,iam.v1.IamTokenService/Create,0,0.004767143381004762,0.00008590849278787732,0.04218106995884777,0.0006703795379537954,51.1234567901235
2.5,iam.v1.IamTokenService/CreateForService,0,0.006274701544228495,0.00009278036237358679,0.04620462046204622,0,56
2.5,iam.v1.IamTokenService/CreateForSubject,0,0.024569123579024563,0.0001081257319280315,0.05363036303630363,0,65
1.0,iam.v1.IamTokenService/CreateForComputeInstance,0,0.0032104367844191933,0.00010978920472692431,0.05445544554455446,0,66
1.0,iam.v1.IamTokenService/CreateForSubject,0,0.017744367029295525,0.0001297508783136378,0.06435643564356436,0,78
0.5,iam.v1.IamCookieService/CreateForSubject,0,0.0024650613209469016,0.00015681825052278224,0.07778185225929998,0.00007219471947192844,93.19753086419755
0.0025,iam.v1.IamTokenService/Revoke,0,0.003249399013975478,0.00017133769828595768,0.08498349834983501,0,103
0.025,iam.v1.IamTokenService/Exchange,0,0.0023326406714745587,0.00017423337315810452,0.08641975308641985,0,104.74074074074076
0.01,iam.v1.IamTokenService/Exchange,0,0.0036262885547814054,0.00017569147894478803,0.08714297355661486,0,105.61728395061726
0.01,iam.v1.awscompatibility.PresignUrlService/Create,0,0.0021391027991687966,0.00017612274967042707,0.08735688383653183,0,105.87654320987653
5.0,iam.v1.IamTokenService/Create,0,0.005317198386505327,0.00017994935195412876,0.08835513180947722,0.0006703795379537954,107.08641975308637
0.025,iam.v1.awscompatibility.PresignUrlService/Create,0,0.002872509473169527,0.00018550802212837763,0.09201197897567531,0,111.5185185185185
0.5,iam.v1.IamCredentialService/Revoke,0,0.003687405777614802,0.0001962897902693495,0.09735973597359734,0,118
0.5,iam.v1.awscompatibility.TemporaryAccessKeyService/Create,0,0.002118730391557672,0.00020450714945786816,0.1014355461311026,0.0008649913904433987,122.26086956521738
0.75,iam.v1.IamCookieService/Revoke,0,0.018884075907590763,0.00020793409986159898,0.10313531353135309,0,125
0.01,iam.v1.IamCookieService/Revoke,0,0.0023527584239905787,0.00022290535505163414,0.11056105610561054,0,132.8395061728395
0.0075,iam.v1.IamCookieService/Revoke,0,0.002210406225807743,0.00027449354851853154,0.13614880006519164,0,164.30864197530855
0.0075,iam.v1.awscompatibility.PresignUrlService/Create,0,0.0031475369759198335,0.00027769727390899193,0.13773784785886,0,166.74074074074076
0.5,iam.v1.IamTokenService/CreateForAccessKey,0,0.0036975919814203053,0.00028562444058025896,0.14166972252780843,0,170.53086419753095
0.75,iam.v1.IamTokenService/CreateForComputeInstance,0,0.0043516735932852295,0.00029626245181268437,0.14694617609909144,0,178.0987654320988
2.5,iam.v1.IamTokenService/CreateForComputeInstance,0,0.005569306930693069,0.00032936761418077303,0.16336633663366343,0,198
0.5,iam.v1.IamTokenService/Revoke,0,0.004604164120115721,0.00040490160127123814,0.2008311942305341,0.0000309405940594247,242.92592592592592
0.005,iam.v1.IamTokenService/Revoke,0,0.005816322372978071,0.0004616954020476071,0.22900091941561312,0.0016555459893814644,272.6355340848094
0.5,iam.v1.IamTokenService/CreateForService,0,0.0061626533023673,0.0005537926851227536,0.27468117182088575,0.0006394389438943706,328.4567901234568
0.1,iam.v1.IamCookieService/CreateForSubject,0,0.004899564030477081,0.0005911087641411796,0.29318994701402507,0.0008452611565504336,354.3091787439614
0.0075,iam.v1.IamTokenService/Exchange,0,0.005113474310393945,0.0006315651726462971,0.31325632563256334,0,376.98765432098764
0.1,iam.v1.awscompatibility.TemporaryAccessKeyService/Create,0,0.0038300126308926713,0.0006488365383730729,0.32182292303304416,0.0001856435643564544,390.0493827160493
0.05,iam.v1.IamCredentialService/Revoke,0,0.02240964837224483,0.0006737475569540229,0.33417878824919534,0.000856023102310156,398.2716049382716
0.05,iam.v1.IamTokenService/Revoke,0,0.006722894511673112,0.0007129521195847184,0.3536242513140203,0,424.51851851851825
0.75,iam.v1.IamTokenService/CreateForSubject,0,0.02798150185388913,0.0007509655535446016,0.3724789145581224,0.0000618811881188494,450.6172839506173
2.5,iam.v1.IamTokenService/Create,0,0.013114737399665777,0.0009091238761048911,0.4463798231675015,0.0006600660066008101,537.8395061728393
0.075,iam.v1.awscompatibility.TemporaryAccessKeyService/Create,0,0.004930122641893803,0.0008988815905381516,0.4458452689069232,0.00003587315253259563,538.2533548040795
5.0,iam.v1.IamTokenService/CreateForServiceAccount,0,0.06330445544554449,0.001019394263987802,0.48421227539420597,0,586.8652777777777
0.25,iam.v1.IamCookieService/CreateForSubject,0,0.025341874465224352,0.0009825409681116677,0.4873403201833872,0.0037317046922082974,590.6070853462156
0.005,iam.v1.RefreshTokenIssueService/CreateForSubject,0,0.0061524670985617265,0.0010658342566634191,0.5286537913050559,0.001051980198019877,635.0740740740739
0.001,iam.v1.awscompatibility.PresignUrlService/Create,0,0.04711717699547755,0.0011706141178243312,0.5817952165586926,0,705.1358024691358
0.0025,iam.v1.AbstractTokenService/Issue,0,0.010705700199649391,0.0012478706833854132,0.6189438589591649,0.004125860955660956,745.2587224906065
0.1,iam.v1.IamTokenService/CreateForAccessKey,0,0.005703255510736248,0.0012721459571285686,0.6309843947357701,0.0005363036303631113,762.1975308641975
0.075,iam.v1.IamCookieService/CreateForSubject,0,0.012575250580613534,0.0012883020906890449,0.6389978369817663,0.0012304491318695684,771.6505636070854
0.005,iam.v1.AbstractTokenService/Issue,0,0.009259259259259217,0.0013288933271021776,0.6591310902426801,0.0016066688190555544,789.2619431025225
0.25,iam.v1.awscompatibility.TemporaryAccessKeyService/Create,0,0.006983915984191188,0.0013762054222148617,0.6825978894185715,0.0008250825082508251,824.7654320987656
0.0025,iam.v1.RefreshTokenIssueService/CreateForSubject,0,0.010899238071954824,0.0014932378321723906,0.7406459647575058,0.0025815217391305196,894.6135265700477
0.1,iam.v1.IamTokenService/CreateForService,0,0.010695513995844098,0.0016062066539883435,0.7966785003782184,0.00047935500071733905,959.9570585077831
0.075,iam.v1.IamTokenService/CreateForAccessKey,0,0.0094222385201484,0.0018384472790949566,0.9118698504310985,0.002061809441813776,1104.223295759528
0.5,iam.v1.IamCookieService/Revoke,0,0.05659072851729625,0.001922306666280362,0.9534641064750595,0.0016142918639690546,1154.339237788513
0.5,iam.v1.IamTokenService/CreateForComputeInstance,0,0.018386097869046256,0.002032979842059839,1.00835800166168,0.00362498206342436,1214.2039720880302
1.0,iam.v1.IamTokenService/Create,0,0.28955570325551055,0.002097716170292127,1.0320763557837265,0.0010313531353135313,1246.8765432098767
0.05,iam.v1.awscompatibility.TemporaryAccessKeyService/Create,0,0.009727824634315428,0.0023852967734049398,1.18310719960885,0.0023927392739274676,1430.8765432098767
0.075,iam.v1.IamTokenService/CreateForService,0,0.017805484252128828,0.002821188256818513,1.3993093753819825,0.0012066831683169067,1693.925925925926
1.0,iam.v1.IamTokenService/CreateForServiceAccount,0,0.11834828158741849,0.003098471764893175,1.50275880597319,0,1821.3436728395054
0.25,iam.v1.IamTokenService/CreateForAccessKey,0,0.011047701992421286,0.00306242127835972,1.518960954066421,0.006823073611708468,1836.610305958132
0.0025,iam.v1.IamCookieService/Revoke,0,0.012797564478669962,0.003080536434636658,1.5279460715797824,0.004140658631081126,1845.2039720880312
0.25,iam.v1.IamTokenService/CreateForService,0,0.021278979749827353,0.00367166841417922,1.821147533432893,0.0075835844454011465,2198.4530327428874
0.05,iam.v1.IamCookieService/CreateForSubject,0,0.03164255082915753,0.003968522858727098,1.9683873379286405,0.003511533218539271,2381.969404186797
0.25,iam.v1.IamCredentialService/Revoke,0,0.018335166850017917,0.004071193864230843,2.019312156658498,0.0006815898981204425,2445.97423510467
0.05,iam.v1.IamTokenService/CreateForAccessKey,0,0.01579880210243219,0.004272434785294539,2.1191276535060912,0.0038985148514854486,2554.432098765431
0.075,iam.v1.IamCredentialService/Revoke,0,0.01798883592062897,0.004461060814408282,2.212686163946508,0.005808311809442805,2670.67686527107
0.5,iam.v1.IamTokenService/CreateForSubject,0,0.10157949822760066,0.004672551335181309,2.3175854622499297,0.004156353135313831,2797.20987654321
0.75,iam.v1.IamTokenService/CreateForServiceAccount,0,0.12723587173532117,0.00480187010322096,2.3145013897525026,0.012333638255130317,2805.175684380036
0.1,iam.v1.IamCredentialService/Revoke,0.00040744815222295395,0.03508128590636819,0.004957165905801536,2.458754289277562,0.0064890048787488355,2973.504025764896
0.1,iam.v1.IamTokenService/CreateForComputeInstance,0.0003870757446108682,0.0203214765921051,0.0058795896991392545,2.91627649077307,0.011657429329888846,3522.3789586688135
0.075,iam.v1.IamTokenService/Revoke,0.00042782055983353883,0.014820926537097098,0.006616687621959435,3.2818770604918797,0.004791307935141862,3964.8325281803554
0.25,iam.v1.IamTokenService/Revoke,0.00037688954080595095,0.01798883592062897,0.0073420965901847155,3.6416799087316187,0.004001650165016802,4409.814814814814
0.005,iam.v1.awscompatibility.PresignUrlService/Create,0,0.04140691846962552,0.007436799355614745,3.6886524803849134,0.006916343808294043,4453.190016103059
0.1,iam.v1.IamTokenService/Revoke,0.0012427168642794467,0.015476918062176992,0.008024820471372363,3.980310953800692,0.0028456378246515344,4811.70477724101
0.01,iam.v1.awscompatibility.TemporaryAccessKeyService/Create,0.000040744815222670594,0.0364200077415142,0.008161005587468517,4.0478587713843845,0.003151904864399653,4891.831991411702
0.075,iam.v1.IamTokenService/CreateForComputeInstance,0.0004481929674448741,0.027655543332110767,0.008311675328225783,4.122590962799988,0.009271864686468047,4963.061728395061
0.05,iam.v1.IamTokenService/CreateForService,0,0.08431120889866692,0.008480298610350356,4.206228110733776,0.004240655043765037,5091.2818035426735
2.5,iam.v1.IamTokenService/CreateForServiceAccount,0,0.2907369209143137,0.009150720046293288,4.401496342267071,0.004886820203759715,5334.613566827691
0.025,iam.v1.awscompatibility.TemporaryAccessKeyService/Create,0.00011204824186159374,0.03389968626492275,0.009479618063359495,4.701890559426309,0.002207095709570357,5680.024691358023
0.025,iam.v1.IamCookieService/Revoke,0.0021798476143903645,0.02696975716090153,0.011419413962979585,5.664029325637874,0.00791989525039531,6837.865271068171
0.001,iam.v1.IamTokenService/Exchange,0,0.5324838039359476,0.012147150721643254,6.0249867579350544,0.0012376237623762376,7301.469135802472
0.01,iam.v1.IamTokenService/CreateForAccessKey,0.001642525363647587,0.03737318176262015,0.013803702652224588,6.846636515503396,0.0033931518151809176,8277.0987654321
0.05,iam.v1.IamCookieService/Revoke,0.002597609297964803,0.038442733162207,0.013867556613720713,6.878308080405474,0.011022474530060814,8295.632850241545
0.25,iam.v1.IamTokenService/CreateForComputeInstance,0.0037294238683130165,0.045980523978323015,0.01610606508289914,7.988608281117974,0.03375977543406533,9645.316693505101
0.025,iam.v1.IamTokenService/CreateForAccessKey,0.0034375891292818014,0.04529804832335004,0.01721820602921548,8.540230190490878,0.007554885923376721,10322.734299516913
0.01,iam.v1.IamTokenService/CreateForService,0.0007334066740020675,0.07591777696287932,0.018026389511061648,8.941089197486578,0.0071203723633222185,10801.970477724099
0.0075,iam.v1.IamCookieService/CreateForSubject,0.00008148963044534119,0.06402029091797957,0.01834331813460292,9.098285794763049,0.036964593198447776,10959.196457326889
0.75,iam.v1.IamTokenService/Create,0.00022689768977017755,0.2885751538116784,0.019079310406273586,9.406100030292878,0.0024272671832414466,11363.143853998927
0.05,iam.v1.IamTokenService/CreateForComputeInstance,0.001969120523162538,0.07681416289776907,0.021409804786904327,10.619263174304546,0.013414765389585203,12833.300053676867
0.0075,iam.v1.awscompatibility.TemporaryAccessKeyService/Create,0.0023937578943071343,0.09042293118200898,0.02318524278795339,11.49988042282488,0.007897474530062015,13883.20075147611
0.005,iam.v1.IamCookieService/Revoke,0.008912928329874397,0.053925762946662736,0.02318963942781478,11.502061156196131,0.032545917635241,13891.32528180354
0.025,iam.v1.IamTokenService/CreateForService,0.000798725705902056,0.10192315527849144,0.025001410424923837,12.400699570762223,0.015981041038886472,14978.277509393454
0.075,iam.v1.IamCookieService/Revoke,0.0023835716905037177,0.08318054027625207,0.027848266879568324,13.812740372265889,0.04845969651312759,16640.43639291465
0.1,iam.v1.IamCookieService/Revoke,0.003392005867252058,0.09948865256895563,0.028900121000100594,14.334460016049894,0.0408765604821299,17295.365539452498
0.25,iam.v1.IamCookieService/Revoke,0.0033614472558358053,0.11367803447011034,0.029178804035668204,14.47268680169143,0.03229570239632612,17503.21739130434
0.1,iam.v1.IamTokenService/CreateForSubject,0,0.2698834698284651,0.032723197583381006,16.230706001356978,0.016358605969294827,19515.936661298983
0.25,iam.v1.IamTokenService/CreateForSubject,0.0007872662266194605,0.5318349427535356,0.03291232095782431,16.324511195080856,0.03267416415554589,19738.122383252816
0.5,iam.v1.IamTokenService/CreateForServiceAccount,0,2.0932744316098266,0.03659501419531944,17.63879684214397,0.05703562204046711,21378.221772678502
0.005,iam.v1.IamTokenService/Exchange,0.018331729006244097,0.10695717719920182,0.03584389934110551,17.778574073188334,0.03278492251399074,21493.928073000556
0.001,iam.v1.IamCookieService/CreateForSubject,0,0.27456912357902724,0.03843542209657053,19.063969359898984,0.077073019801985,22945.037037037036
0.01,iam.v1.IamCookieService/CreateForSubject,0.001996495945889848,0.16833720409077516,0.04260055351088591,21.12987454139941,0.08376605323576201,25456.01288244767
0.0025,iam.v1.awscompatibility.PresignUrlService/Create,0,0.18618343315813077,0.043135958705215464,21.395435517786872,0.0838418352704868,25803.49006977993
0.0025,iam.v1.IamTokenService/Exchange,0.02383008681302725,0.2724503931874724,0.043984303938549275,21.81621475352044,0.02383008681302725,26392.00536768652
0.0075,iam.v1.IamTokenService/CreateForService,0.005266267367476896,0.17018090697958974,0.04839369530558587,24.00327287157059,0.02084050796384263,29002.732152442295
0.075,iam.v1.IamTokenService/CreateForSubject,0.00005093101902308539,0.6116353186244482,0.08301648239209672,41.17617526647997,0.04190925886066805,49605.561460010744
0.025,iam.v1.IamCookieService/CreateForSubject,0.004415592022161207,0.26031862445505205,0.0865741274694973,42.94076722487066,0.07846534653465827,51808.1851851852
0.5,iam.v1.IamTokenService/Create,0.005020907183321655,0.8731687752108646,0.08984360667369388,44.29289809013108,0.01683796097000691,53569.560386473415
0.0075,iam.v1.IamTokenService/CreateForAccessKey,0.03827975390129531,0.18320906164689682,0.09896821237952062,49.088233340242226,0.05722933706412804,59328.33387010198
0.025,iam.v1.IamTokenService/CreateForComputeInstance,0.02378478588599008,0.2593814937049216,0.10238332292854772,50.78212817255967,0.041356363897276205,61389.19860440152
0.001,iam.v1.IamTokenService/CreateForAccessKey,0.018589821945155106,0.29284317320623443,0.10700013890164495,53.17906903411754,0.05172684388002765,64319.45142243692
0.01,iam.v1.IamTokenService/CreateForComputeInstance,0.027777777777769772,0.25640712219369965,0.11304154316787442,56.06860541126571,0.030681410532346933,67783.55716586151
0.001,iam.v1.awscompatibility.TemporaryAccessKeyService/Create,0.025229698895807562,6.809008933300767,0.15981144488350232,79.58609955198416,0.05210844454011287,96262.85882984434
0.005,iam.v1.IamCookieService/CreateForSubject,0.01738784989609983,0.5655278490811914,0.163359402371851,81.0262635764381,0.2117228978332716,97709.38701019861
0.001,iam.v1.IamTokenService/CreateForComputeInstance,0.1696438393837975,0.373986472721479,0.25344753710735507,125.70997840524812,0.19002681518151815,152032.97530864214
0.05,iam.v1.IamTokenService/CreateForSubject,0.0012903373670497627,1.6716138511999294,0.2543859250607415,126.17541883012778,0.19299487013917488,152223.87922705314
0.25,iam.v1.IamTokenService/Create,0.035509106466189724,6.960019150063131,0.48962925305745497,241.87685101038275,0.0426132694791473,292932.27428878157
0.1,iam.v1.IamTokenService/Create,0.05138939819909577,5.99723953876868,0.7372910524188938,364.9590709473524,0.0570862928684724,441734.08534621575
0.0075,iam.v1.IamTokenService/CreateForSubject,0.0631286161021935,3.9948661532819734,0.9038988432601233,448.33382625702114,0.9951073504089556,540292.5356951153
0.0025,iam.v1.IamCookieService/CreateForSubject,0.11020453897244896,4.427372112211298,0.982636920937172,487.38791278483734,1.9702127277945236,587608.4589371982
0.25,iam.v1.IamTokenService/CreateForServiceAccount,0,12.063851836572399,1.0278565564999105,492.3432905634571,0.7888241677426675,596720.0681629097
0.0075,iam.v1.IamTokenService/CreateForComputeInstance,0.5026382267857031,1.7286395306196431,0.9963237117209454,494.1765610135889,0.507102435787067,597505.1771336552
0.01,iam.v1.IamTokenService/CreateForSubject,0.09979958644001545,4.165698977305228,1.1104180920923115,550.7673736777865,1.63333736906303,664178.5507246377
0.1,iam.v1.IamTokenService/CreateForServiceAccount,0,10.851699058794825,1.2639477496094613,610.4867630613699,0.7389905294879853,739909.9568303805
0.005,iam.v1.awscompatibility.TemporaryAccessKeyService/Create,0.7712230054529464,1.7983335370571343,1.293397935580791,641.5253760480723,0.7712230054529464,775729.582930757
0.01,iam.v1.IamTokenService/CreateForServiceAccount,0,7.3190522755979535,1.523258506989486,728.1175663409742,1.2389918747308077,882478.4904052606
0.025,iam.v1.IamTokenService/CreateForSubject,0.10008925661058918,8.89887136861831,1.7384759202927957,862.2840564652267,2.0457364758215353,1039732.3875469672
0.005,iam.v1.IamTokenService/CreateForService,0.8850656246179377,4.127174754512555,1.852092086611133,918.637674959122,1.9063755560338977,1109357.0472356416
0.075,iam.v1.IamTokenService/Create,0.042712280487183715,12.893523611620502,1.893202025516561,937.1350026306976,0.06849754268895963,1133602.4873859368
0.005,iam.v1.IamTokenService/CreateForAccessKey,1.1109771846752097,2.3580674734143323,1.9283256323203881,956.4495136309125,1.1109771846752097,1157016.2055823938
0.0075,iam.v1.IamTokenService/CreateForServiceAccount,0,12.22301649146409,2.4714747452913306,1178.8934535039648,1.5108682199737837,1428818.8656468051
0.075,iam.v1.IamTokenService/CreateForServiceAccount,0,25.631177932608,2.9131772154328037,1409.977772269477,4.4966427213374045,1708893.0599906063
0.005,iam.v1.IamTokenService/CreateForSubject,0.9004807888196701,11.03771709346884,3.213543051554651,1593.9173535711068,2.205667958100766,1923361.8078368227
0.0025,iam.v1.IamTokenService/CreateForAccessKey,1.5193674666384425,6.110204538972065,3.368809522146176,1670.9295229845031,1.5193674666384425,2022032.0263016643
0.0025,iam.v1.IamTokenService/CreateForService,1.049464205680292,8.263228695554561,3.7611822248857782,1865.546383543346,3.7899281640119065,2255397.9329039175
0.0025,iam.v1.awscompatibility.TemporaryAccessKeyService/Create,2.1179020483578515,25.504512488285677,4.797326832428065,2379.4741088843202,2.1179020483578515,2879033.089103598
0.0025,iam.v1.IamTokenService/CreateForComputeInstance,2.9337386999574333,5.656256366376658,5.092882667247034,2526.0698029545288,2.9337386999574333,3055173.415995704
0.025,iam.v1.IamTokenService/CreateForServiceAccount,0,35.524395958114745,5.736907791514477,2753.7157399269486,7.9021783971870105,3337503.476791463
0.05,iam.v1.IamTokenService/Create,0.10169905879482528,34.620574094446546,6.037503325390687,2988.56414606839,0.27696629717297505,3614502.6462694574
0.05,iam.v1.IamTokenService/CreateForServiceAccount,0,45.83559467057811,6.441552347131928,3124.1528883589854,9.935075871717098,3786473.300691087
0.005,iam.v1.IamTokenService/CreateForServiceAccount,0.298272419834614,68.8075622377038,9.699940088799051,4704.47094306754,7.19226126417075,5691488.906454649
0.01,iam.v1.IamTokenService/Create,0.20947928126077645,49.82278042619052,13.477813223261833,6671.517545514607,0.5431159420289321,8068131.030595812
0.005,iam.v1.IamTokenService/CreateForComputeInstance,12.890624551588159,20.85552525159783,18.591319276936407,9221.294361360458,12.890624551588159,11153514.605475042
0.025,iam.v1.IamTokenService/Create,0.35967129120363456,83.67097543087625,18.73219431622889,9272.436186533301,0.7739655079639735,11216504.966720344
0.0075,iam.v1.IamTokenService/Create,0.5398178706775503,128.20761520596585,33.51341325222159,16589.139559849686,1.403342929401315,20056570.269994635
0.001,iam.v1.IamTokenService/CreateForService,2.3181049586473517,84.9181807185385,51.89132558188229,25738.097488613617,42.384306392592464,31160417.625335485
0.0025,iam.v1.IamTokenService/CreateForSubject,57.04721458256245,367.27194108300085,144.4767404331045,71660.46325481984,197.29131959388556,86475150.60064411
0.005,iam.v1.IamTokenService/Create,25.832436947416355,605.7781750397271,179.44115352490658,88823.37099482876,51.02590445185652,107354266.7568438
0.0025,iam.v1.IamTokenService/CreateForServiceAccount,0,795.3541131891039,243.7738326723944,116523.89201740452,172.36139869419458,141226957.12509418
0.001,iam.v1.IamTokenService/CreateForSubject,89.42484275047535,1646.271628621191,530.3739419330808,263065.47519880807,970.8827535334987,317045650.3113258
0.0025,iam.v1.IamTokenService/Create,201.16040680156684,3397.4594589088224,754.2883515936329,371864.157335661,201.16040680156684,449453915.61674726
0.001,iam.v1.IamTokenService/Create,831.3550069953742,13230.466894837497,3389.8553816198632,1671198.7031385927,831.3550069953742,2019402394.2410092
0.001,iam.v1.IamTokenService/CreateForServiceAccount,0,108504.92389886687,27671.655892499788,13254723.172507398,16934.272214448883,16064724485.078972